job_id,title,company,location,country,category,salary_min,salary_max,salary_is_predicted,contract_time,created,num_skills,avg_salary,avg_salary_usd,salary_missing,data_extracted_date
5868572513,Data Analyst (Reporting),Decisionpoint Corporation,US,United States,IT Jobs,55768.35,55768.35,1,Unknown,2026-09-03 05:10:42+00:00,0,55768.35,55768.35,False,2026-09-14
5878669040,Senior Data Analyst,Kforce Technology Staffing,"Fountainebleau, Miami-Dade County",United States,IT Jobs,136824.73,136824.73,1,Unknown,2026-09-10 11:54:52+00:00,1,136824.73,136824.73,False,2026-09-14
5818187011,Data Analyst (Analytics),Decisionpoint Corporation,US,United States,IT Jobs,62241.15,62241.15,1,Unknown,2026-07-28 05:15:27+00:00,0,62241.15,62241.15,False,2026-09-14
5868230736,US|Data Analyst,"Judge Group, Inc.","Coppell, Dallas",United States,Accounting & Finance Jobs,85478.48,85478.48,1,Unknown,2026-09-03 00:24:33+00:00,0,85478.48,85478.48,False,2026-09-14
5829883763,Sr. Data Analyst,Horizontal Talent,"Highland Park, Dallas",United States,IT Jobs,94406.95,94406.95,1,Unknown,2026-08-05 21:59:15+00:00,1,94406.95,94406.95,False,2026-09-14
5878492486,Cyber Data Analyst,Chenega MIOS,"Redstone Arsenal, Madison County",United States,IT Jobs,85214.77,85214.77,1,Unknown,2026-09-10 09:37:10+00:00,0,85214.77,85214.77,False,2026-09-14
5821832049,Technical Data Analyst,"Judge Group, Inc.","South Boston, Suffolk County",United States,IT Jobs,121586.67,121586.67,1,Unknown,2026-07-30 21:27:31+00:00,0,121586.67,121586.67,False,2026-09-14
5842112464,Forensic Data Analyst,"Akima, LLC","State Farm, Arlington County",United States,IT Jobs,125052.43,125052.43,1,Unknown,2026-08-14 14:29:45+00:00,0,125052.43,125052.43,False,2026-09-14
5680356924,Data Analyst II,"Judge Group, Inc.","Bridgewater, Somerset County",United States,IT Jobs,130423.67,130423.67,1,Unknown,2026-03-27 10:11:28+00:00,0,130423.67,130423.67,False,2026-09-14
5880141016,Senior Data Analyst,Kforce Technology Staffing,"Southglenn, Centennial",United States,IT Jobs,154720.88,154720.88,1,Unknown,2026-09-11 18:24:10+00:00,1,154720.88,154720.88,False,2026-09-14
5780234086,Data Analyst Sr,Lockheed Martin Corporation,"Alabama, US",United States,Engineering Jobs,142301.0,142301.0,1,Unknown,2026-06-28 08:52:59+00:00,0,142301.0,142301.0,False,2026-09-14
5804841497,Data Analyst Senior,Lockheed Martin Corporation,"Lexington, Fayette County",United States,IT Jobs,164803.53,164803.53,1,Unknown,2026-07-17 08:19:54+00:00,1,164803.53,164803.53,False,2026-09-14
5863217436,Senior Data Analysts,Kforce Technology Staffing,"Tampa Palms, Hillsborough County",United States,IT Jobs,208397.75,208397.75,1,Unknown,2026-08-31 18:04:26+00:00,5,208397.75,208397.75,False,2026-09-14
5876041286,Senior Data Analyst,Kforce Technology Staffing,"Northlake, DeKalb County",United States,IT Jobs,129274.13,129274.13,1,Unknown,2026-09-08 15:44:14+00:00,3,129274.13,129274.13,False,2026-09-14
5753308545,Senior Data Analyst,Trans Union LLC,"Schiller Park, Cook County",United States,IT Jobs,92611.16,92611.16,1,Unknown,2026-06-05 11:43:11+00:00,0,92611.16,92611.16,False,2026-09-14
5830763259,Senior Data Analyst,Trans Union LLC,"Reston, Fairfax County",United States,IT Jobs,157753.83,157753.83,1,Unknown,2026-08-06 11:54:13+00:00,0,157753.83,157753.83,False,2026-09-14
5830763240,Senior Data Analyst,Trans Union LLC,"White Plains, Westchester County",United States,IT Jobs,84781.26,84781.26,1,Unknown,2026-08-06 11:54:13+00:00,0,84781.26,84781.26,False,2026-09-14
5830839834,Senior Data Analyst,Trans Union LLC,"Pennsylvania, US",United States,IT Jobs,85594.65,85594.65,1,Unknown,2026-08-06 13:46:09+00:00,0,85594.65,85594.65,False,2026-09-14
5830745057,Senior Data Analyst,Trans Union LLC,"Highland Beach, Palm Beach County",United States,IT Jobs,78111.61,78111.61,1,Unknown,2026-08-06 11:41:30+00:00,0,78111.61,78111.61,False,2026-09-14
5866190487,Data Analyst III,"Judge Group, Inc.","Schiller Park, Cook County",United States,IT Jobs,113267.48,113267.48,1,Unknown,2026-09-01 22:34:01+00:00,0,113267.48,113267.48,False,2026-09-14
5877430969,Senior Data Analyst,Randstad Digital,"Deerfield Beach, Broward County",United States,IT Jobs,86021.9,86021.9,1,Unknown,2026-09-09 13:41:13+00:00,0,86021.9,86021.9,False,2026-09-14
5845899640,Sr Data Analyst,Horizontal Talent,"Eden Prairie, Hennepin County",United States,IT Jobs,79669.47,79669.47,1,Unknown,2026-08-17 22:45:26+00:00,2,79669.47,79669.47,False,2026-09-14
5867068524,"Senior Data Analyst, Strategic Marketing",Vanguard,"Frazer, Chester County",United States,IT Jobs,122898.41,122898.41,1,Unknown,2026-09-02 07:52:43+00:00,0,122898.41,122898.41,False,2026-09-14
5870526151,Security Engineering Governance & Data Analyst,Vanguard,"Frazer, Chester County",United States,IT Jobs,117527.2,117527.2,1,Unknown,2026-09-04 07:26:34+00:00,0,117527.2,117527.2,False,2026-09-14
5876206675,Lead Solutions Analyst-Data Analyst,J.P. Morgan,"Houston, Houston County",United States,IT Jobs,93025.06,93025.06,1,Unknown,2026-09-08 19:48:23+00:00,0,93025.06,93025.06,False,2026-09-14
5735320963,Data Analyst /Data Analytics,"Rayomind Software Solutions LLC, DBA, Hire'in Solutions","Santa Clara, Santa Clara County",United States,IT Jobs,119774.95,119774.95,1,Unknown,2026-05-20 14:13:10+00:00,5,119774.95,119774.95,False,2026-09-14
5877261860,Data Analyst Data Integration,Techgene Solutions LLC,US,United States,IT Jobs,94952.68,94952.68,1,Unknown,2026-09-09 11:47:32+00:00,0,94952.68,94952.68,False,2026-09-14
5883204337,Federal Law Enforcement Data Analyst,Guidehouse,"Crystal, Arlington County",United States,Accounting & Finance Jobs,87627.14,87627.14,1,Unknown,2026-09-13 23:44:05+00:00,0,87627.14,87627.14,False,2026-09-14
5881168753,Data Analyst,Utah Transit Authority,"Salt Lake City, Salt Lake County",United States,Consultancy Jobs,86129.27,86129.27,1,full_time,2026-09-12 12:14:28+00:00,0,86129.27,86129.27,False,2026-09-14
5864098405,"Principal Data Analyst, Data Products",Eliassen Group,"Raleigh, Wake County",United States,IT Jobs,119177.33,119177.33,1,Unknown,2026-09-01 04:25:25+00:00,0,119177.33,119177.33,False,2026-09-14
5528367581,Energy Data Analyst (CT),Bridge Energy,"Hartford, Hartford County",United States,"Energy, Oil & Gas Jobs",107412.89,107412.89,1,Unknown,2025-12-04 16:10:39+00:00,0,107412.89,107412.89,False,2026-09-14
5827403307,Single Family Data Analyst,Freddie Mac,"Mc Lean, Fairfax County",United States,IT Jobs,92650.11,92650.11,1,full_time,2026-08-04 01:21:16+00:00,0,92650.11,92650.11,False,2026-09-14
5867410684,"Risk Data Analyst, Staff",Bill.com,"Grand Central, Manhattan",United States,IT Jobs,118760.95,118760.95,1,full_time,2026-09-02 13:21:48+00:00,0,118760.95,118760.95,False,2026-09-14
5867410664,"Risk Data Analyst, Staff",Bill.com,"Northlake, DeKalb County",United States,IT Jobs,103743.91,103743.91,1,full_time,2026-09-02 13:21:47+00:00,0,103743.91,103743.91,False,2026-09-14
5867410665,"Risk Data Analyst, Staff",Bill.com,"San Diego, San Diego County",United States,IT Jobs,118005.42,118005.42,1,full_time,2026-09-02 13:21:47+00:00,0,118005.42,118005.42,False,2026-09-14
5867410832,"Risk Data Analyst, Staff",Bill.com,"Textile Finance, Los Angeles County",United States,IT Jobs,109444.12,109444.12,1,full_time,2026-09-02 13:23:06+00:00,0,109444.12,109444.12,False,2026-09-14
5867410838,"Risk Data Analyst, Staff",Bill.com,"Hayes Valley, San Francisco",United States,IT Jobs,110655.68,110655.68,1,full_time,2026-09-02 13:23:06+00:00,0,110655.68,110655.68,False,2026-09-14
5867410820,"Risk Data Analyst, Staff",Bill.com,"Schiller Park, Cook County",United States,IT Jobs,110003.22,110003.22,1,full_time,2026-09-02 13:23:06+00:00,0,110003.22,110003.22,False,2026-09-14
5867410882,"Risk Data Analyst, Staff",Bill.com,"Bee Cave, Travis County",United States,IT Jobs,95175.98,95175.98,1,full_time,2026-09-02 13:23:07+00:00,0,95175.98,95175.98,False,2026-09-14
5867410927,"Risk Data Analyst, Staff",Bill.com,"South Boston, Suffolk County",United States,IT Jobs,116669.11,116669.11,1,full_time,2026-09-02 13:23:33+00:00,0,116669.11,116669.11,False,2026-09-14
5867410818,"Risk Data Analyst, Staff",Bill.com,"Elkins Park, Montgomery County",United States,IT Jobs,124895.82,124895.82,1,full_time,2026-09-02 13:23:06+00:00,0,124895.82,124895.82,False,2026-09-14
5867410822,"Risk Data Analyst, Staff",Bill.com,"Campbell, Santa Clara County",United States,IT Jobs,108787.61,108787.61,1,full_time,2026-09-02 13:23:06+00:00,0,108787.61,108787.61,False,2026-09-14
5867410736,"Risk Data Analyst, Staff",Bill.com,"Highland Park, Dallas",United States,IT Jobs,101275.27,101275.27,1,full_time,2026-09-02 13:22:14+00:00,0,101275.27,101275.27,False,2026-09-14
5867410727,"Risk Data Analyst, Staff",Bill.com,"Washington, Washington, D.C.",United States,IT Jobs,98850.39,98850.39,1,full_time,2026-09-02 13:22:14+00:00,0,98850.39,98850.39,False,2026-09-14
5867410750,"Risk Data Analyst, Staff",Bill.com,US,United States,IT Jobs,81901.65,81901.65,1,full_time,2026-09-02 13:22:17+00:00,0,81901.65,81901.65,False,2026-09-14
5867410726,"Risk Data Analyst, Staff",Bill.com,"Trammells, Harris County",United States,IT Jobs,105070.87,105070.87,1,full_time,2026-09-02 13:22:14+00:00,0,105070.87,105070.87,False,2026-09-14
5819759774,Clinical Data Analyst - Pharmacy,Stamford American International Hospital,"Stanford, Santa Clara County",United States,Healthcare & Nursing Jobs,87790.58,87790.58,1,full_time,2026-07-29 08:28:14+00:00,0,87790.58,87790.58,False,2026-09-14
5865840909,Data Analyst Co-Op,Emerson,"Marshalltown, Marshall County",United States,IT Jobs,53777.09,53777.09,1,Unknown,2026-09-01 19:57:10+00:00,0,53777.09,53777.09,False,2026-09-14
5861172148,APG - Data Analyst,"Motion Recruitment Partners, LLC",US,United States,IT Jobs,62046.7,62046.7,1,Unknown,2026-08-29 10:09:52+00:00,0,62046.7,62046.7,False,2026-09-14
5878800352,Business Data Analyst,"Symbioun Technologies, Inc","Forbes Village, Hartford County",United States,IT Jobs,76620.45,76620.45,1,Unknown,2026-09-10 13:43:53+00:00,0,76620.45,76620.45,False,2026-09-14
5876869978,Data Analyst,Ignisov Consulting Services,"Bangalore, Karnataka",India,IT Jobs,,,0,full_time,2026-09-09 14:44:26+00:00,8,,,True,2026-09-14
5867038166,Data Analyst,Edwagon,"Bangalore, Karnataka",India,IT Jobs,,,0,full_time,2026-09-02 16:44:13+00:00,0,,,True,2026-09-14
5874134576,Data Analyst,KRFS,"Karnataka, India",India,IT Jobs,,,0,Unknown,2026-09-07 18:37:51+00:00,0,,,True,2026-09-14
5864442719,Data Analyst,HCLTech,"Hyderabad, Telangana",India,IT Jobs,,,0,Unknown,2026-09-01 16:23:16+00:00,2,,,True,2026-09-14
5883564040,Data Analyst,Delta Analytics AI,India,India,IT Jobs,,,0,full_time,2026-09-14 17:18:47+00:00,1,,,True,2026-09-14
5868794225,Data Analyst,Indofast Energy,India,India,IT Jobs,,,0,Unknown,2026-09-03 16:50:23+00:00,1,,,True,2026-09-14
5864443196,Data Analyst,Nians,India,India,IT Jobs,,,0,Unknown,2026-09-01 16:23:20+00:00,0,,,True,2026-09-14
5880951714,Data Analyst,HRM Counsel,India,India,IT Jobs,,,0,Unknown,2026-09-12 17:19:47+00:00,0,,,True,2026-09-14
5876645051,Data Analyst,Cornerstone OnDemand,"Pune, Maharashtra",India,IT Jobs,,,0,full_time,2026-09-09 10:19:37+00:00,0,,,True,2026-09-14
5864432449,Data Analyst,EXL,"Chennai, Tamil Nadu",India,IT Jobs,,,0,Unknown,2026-09-01 16:21:54+00:00,1,,,True,2026-09-14
5864426421,Data Analyst,WhiteLotus Talent Partners,"Hyderabad, Telangana",India,IT Jobs,,,0,full_time,2026-09-01 16:20:48+00:00,1,,,True,2026-09-14
5867036037,Data Analyst,Daice Labs,India,India,IT Jobs,,,0,full_time,2026-09-02 16:42:41+00:00,1,,,True,2026-09-14
5871991896,Data Analyst,Persistent Systems,"Hyderabad, Telangana",India,IT Jobs,,,0,full_time,2026-09-05 18:30:21+00:00,0,,,True,2026-09-14
5883562726,Data Analyst,HTC Global Services,"Hyderabad, Telangana",India,IT Jobs,,,0,Unknown,2026-09-14 17:17:47+00:00,1,,,True,2026-09-14
5867036109,Data Analyst,Pharmanovia,"Mumbai, Maharashtra",India,IT Jobs,,,0,Unknown,2026-09-02 16:42:43+00:00,0,,,True,2026-09-14
5864436500,Data Analyst,MS CLINICAL RESEARCH,"Bangalore, Karnataka",India,IT Jobs,,,0,full_time,2026-09-01 16:22:30+00:00,1,,,True,2026-09-14
5864431843,Data Analyst,Arcana,"Coimbatore, Tamil Nadu",India,IT Jobs,,,0,Unknown,2026-09-01 16:21:48+00:00,0,,,True,2026-09-14
5880953033,Data Analyst,Persistent Systems,India,India,IT Jobs,,,0,full_time,2026-09-12 17:20:59+00:00,2,,,True,2026-09-14
5868791758,Data Analyst,EaseMyTrip.com,India,India,IT Jobs,,,0,Unknown,2026-09-03 16:48:56+00:00,0,,,True,2026-09-14
5876870721,Data Analyst,Navi,India,India,IT Jobs,,,0,Unknown,2026-09-09 14:45:05+00:00,0,,,True,2026-09-14
5870527563,Data Analyst,Innodata Inc.,India,India,IT Jobs,,,0,Unknown,2026-09-04 16:57:30+00:00,2,,,True,2026-09-14
5864594008,Data Analyst,ShrinQ Consulting Group Inc,India,India,IT Jobs,,,0,Unknown,2026-09-01 18:21:19+00:00,0,,,True,2026-09-14
5864437013,Data Analyst,Midtown Software,"Chandigarh, India",India,Consultancy Jobs,,,0,Unknown,2026-09-01 16:22:33+00:00,0,,,True,2026-09-14
5864426729,Data Analyst,Straive,India,India,Scientific & QA Jobs,,,0,Unknown,2026-09-01 16:20:52+00:00,0,,,True,2026-09-14
5879668539,Data Analyst,Lonza,"Hyderabad, Telangana",India,IT Jobs,,,0,Unknown,2026-09-11 17:16:32+00:00,0,,,True,2026-09-14
5867036118,Data Analyst,Mobily Infotech,India,India,Sales Jobs,,,0,Unknown,2026-09-02 16:42:44+00:00,0,,,True,2026-09-14
5882598341,Data Analyst,Innova ESI,"Bangalore, Karnataka",India,IT Jobs,,,0,Unknown,2026-09-13 17:22:39+00:00,2,,,True,2026-09-14
5882598382,Data Analyst,Tata Consultancy Services,India,India,IT Jobs,,,0,Unknown,2026-09-13 17:22:40+00:00,2,,,True,2026-09-14
5864431665,Data Analyst,Mastek,"Noida, Ghaziabad",India,IT Jobs,,,0,Unknown,2026-09-01 16:21:47+00:00,2,,,True,2026-09-14
5864422728,Data Analyst / Data Engineer,DocOnline,"Hyderabad, Telangana",India,IT Jobs,,,0,full_time,2026-09-01 16:19:58+00:00,0,,,True,2026-09-14
5875602676,Data Analyst - Data Governance,HDFC Bank,"Mumbai, Maharashtra",India,IT Jobs,,,0,Unknown,2026-09-08 18:41:09+00:00,0,,,True,2026-09-14
5868789197,Data Analyst Trainer,Techchampp technologies,"Vijayawada, Krishna",India,IT Jobs,,,0,Unknown,2026-09-03 16:48:18+00:00,5,,,True,2026-09-14
5880953830,Data Analyst / Engineer,TechVise Consulting,India,India,IT Jobs,,,0,part_time,2026-09-12 17:21:28+00:00,0,,,True,2026-09-14
5870528406,Sr. Data Analyst,Prudent Insurance Brokers Pvt Ltd.,India,India,IT Jobs,,,0,Unknown,2026-09-04 16:58:16+00:00,0,,,True,2026-09-14
5876013496,Senior Data Analyst,"Aspire, Jordan",India,India,IT Jobs,,,0,Unknown,2026-09-09 01:02:37+00:00,1,,,True,2026-09-14
5837139892,Senior Data Analyst,Capco,India,India,IT Jobs,,,0,full_time,2026-08-12 01:59:43+00:00,1,,,True,2026-09-14
5867037378,Lead Data Analyst,Nexus Corporation,India,India,IT Jobs,,,0,Unknown,2026-09-02 16:43:29+00:00,0,,,True,2026-09-14
5882861190,Senior Data Analyst,Kamakhya Analytics Private Limited,"Bangalore, Karnataka",India,IT Jobs,,,0,Unknown,2026-09-14 01:11:06+00:00,0,,,True,2026-09-14
5867264943,Lead Data Analyst,Airtel Digital,India,India,IT Jobs,,,0,Unknown,2026-09-02 21:45:47+00:00,0,,,True,2026-09-14
5864426328,Senior Data Analyst,Epsilon,"Bangalore, Karnataka",India,Consultancy Jobs,,,0,Unknown,2026-09-01 16:20:46+00:00,0,,,True,2026-09-14
5871992907,GCP Data Analyst,Persistent Systems,"Hyderabad, Telangana",India,IT Jobs,,,0,full_time,2026-09-05 18:32:38+00:00,2,,,True,2026-09-14
5869558747,Senior Data Analyst,Appnext,India,India,IT Jobs,,,0,Unknown,2026-09-04 02:33:04+00:00,0,,,True,2026-09-14
5879663063,Litigation Data Analyst,KLDiscovery,India,India,IT Jobs,,,0,Unknown,2026-09-11 17:12:56+00:00,1,,,True,2026-09-14
5880070282,Senior Data Analyst,Tanla Platforms Limited,"Hyderabad, Telangana",India,IT Jobs,,,0,Unknown,2026-09-12 01:09:17+00:00,0,,,True,2026-09-14
5881770943,Operations and data analyst,Roology HQ,"Mumbai, Maharashtra",India,Admin Jobs,,,0,Unknown,2026-09-13 01:10:21+00:00,0,,,True,2026-09-14
5882592928,Data Analyst (Remote),Hire Feed,India,India,IT Jobs,,,0,full_time,2026-09-13 17:18:26+00:00,0,,,True,2026-09-14
5864436299,Growth & Data Analyst,Lascade,"Kochi, Ernakulam",India,IT Jobs,,,0,Unknown,2026-09-01 16:22:28+00:00,0,,,True,2026-09-14
5837139431,Business Data Analyst,Capco,India,India,IT Jobs,,,0,full_time,2026-08-12 01:59:37+00:00,0,,,True,2026-09-14
5864435853,Senior Data Analyst,Chubb,"Hyderabad, Telangana",India,IT Jobs,,,0,full_time,2026-09-01 16:22:25+00:00,0,,,True,2026-09-14
5855007053,Data Analyst / Engineer,Kyndryl,"Bangalore, Karnataka",India,Accounting & Finance Jobs,,,0,full_time,2026-08-25 10:08:09+00:00,0,,,True,2026-09-14
5869482108,Risk Data Analyst,Bill.com,"Grand Central, Manhattan",United States,IT Jobs,132762.0,132762.0,1,full_time,2026-09-03 14:31:32+00:00,0,132762.0,132762.0,False,2026-09-14
5883204270,Health IT Data Analyst,Guidehouse,"Crystal, Arlington County",United States,IT Jobs,114396.59,114396.59,1,Unknown,2026-09-13 23:44:04+00:00,0,114396.59,114396.59,False,2026-09-14
5877479707,Data Analyst,Medinext Global LLC,US,United States,IT Jobs,87527.66,87527.66,1,Unknown,2026-09-09 15:55:45+00:00,0,87527.66,87527.66,False,2026-09-14
5879894786,Data Analyst,Generis TEK Inc.,"Alpharetta, Fulton County",United States,IT Jobs,71543.47,71543.47,1,Unknown,2026-09-11 11:50:20+00:00,0,71543.47,71543.47,False,2026-09-14
5878668925,DATA ANALYST,AaraTechnologies Inc,"Virginia Beach, Virginia Beach City",United States,Accounting & Finance Jobs,50105.31,50105.31,1,Unknown,2026-09-10 11:54:51+00:00,0,50105.31,50105.31,False,2026-09-14
5828602150,Data Analyst,"Motion Recruitment Partners, LLC","Richardson, Dallas",United States,IT Jobs,75578.23,75578.23,1,Unknown,2026-08-04 21:52:42+00:00,0,75578.23,75578.23,False,2026-09-14
5842113920,Data Analyst,"Digipulse Technologies, Inc","Centerdale, Providence County",United States,IT Jobs,65157.41,65157.41,1,Unknown,2026-08-14 14:31:10+00:00,0,65157.41,65157.41,False,2026-09-14
5867754444,DATA ANALYST,AaraTechnologies Inc,"Chesapeake City, Cecil County",United States,IT Jobs,50370.06,50370.06,1,Unknown,2026-09-02 19:31:05+00:00,0,50370.06,50370.06,False,2026-09-14
5769854278,Data Analyst,Enterprise Business Solutions Inc,"Virginia Beach, Virginia Beach City",United States,IT Jobs,80000.28,80000.28,1,Unknown,2026-06-19 18:30:50+00:00,4,80000.28,80000.28,False,2026-09-14
5857521485,Data Analyst,Gov Services Hub,"Connecticut, US",United States,IT Jobs,129366.51,129366.51,1,Unknown,2026-08-26 20:03:02+00:00,0,129366.51,129366.51,False,2026-09-14
5879934557,DATA ANALYST,AaraTechnologies Inc,"Georgiana, Butler County",United States,IT Jobs,55718.64,55718.64,1,Unknown,2026-09-11 12:03:49+00:00,0,55718.64,55718.64,False,2026-09-14
5877277587,DATA ANALYST,AaraTechnologies Inc,"Grandville, Kent County",United States,IT Jobs,77688.81,77688.81,1,Unknown,2026-09-09 11:55:56+00:00,0,77688.81,77688.81,False,2026-09-14
5683630339,: Data Analyst,Gov Services Hub,"Richmond, Richmond County",United States,IT Jobs,119611.38,119611.38,1,Unknown,2026-03-30 18:34:44+00:00,0,119611.38,119611.38,False,2026-09-14
5875735576,DATA ANALYST,AaraTechnologies Inc,"Chesapeake City, Cecil County",United States,IT Jobs,57206.12,57206.12,1,Unknown,2026-09-08 12:03:28+00:00,0,57206.12,57206.12,False,2026-09-14
5869226293,DATA ANALYST,AaraTechnologies Inc,"Kansas City, Jackson County",United States,IT Jobs,78110.12,78110.12,1,Unknown,2026-09-03 12:03:50+00:00,0,78110.12,78110.12,False,2026-09-14
5876133266,Data Analyst,Apex Systems,"Minerva Park, Franklin County",United States,IT Jobs,77225.22,77225.22,1,Unknown,2026-09-08 17:38:24+00:00,0,77225.22,77225.22,False,2026-09-14
5878801767,Data Analyst,"V-Soft Consulting Group, Inc","Highland Park, Dallas",United States,IT Jobs,58324.52,58324.52,1,Unknown,2026-09-10 13:45:34+00:00,4,58324.52,58324.52,False,2026-09-14
5871131301,Data Analyst,I-TEK Solutions,"Guadalupe, Maricopa County",United States,IT Jobs,93197.69,93197.69,1,Unknown,2026-09-04 19:54:08+00:00,0,93197.69,93197.69,False,2026-09-14
5882102466,Data Analyst,Techgene Solutions LLC,US,United States,IT Jobs,66235.59,66235.59,1,Unknown,2026-09-12 21:54:00+00:00,1,66235.59,66235.59,False,2026-09-14
5878798250,Data Analyst,HyrUS Inc.,"Schiller Park, Cook County",United States,IT Jobs,99009.37,99009.37,1,Unknown,2026-09-10 13:39:25+00:00,0,99009.37,99009.37,False,2026-09-14
5879132111,Data Analyst,"Pyramid Consulting, Inc.","Alpharetta, Fulton County",United States,IT Jobs,85335.13,85335.13,1,Unknown,2026-09-10 22:01:06+00:00,0,85335.13,85335.13,False,2026-09-14
5858658723,Data Analyst,Sensiple Inc.,"Fort Sam Houston, Bexar County",United States,IT Jobs,74058.27,74058.27,1,Unknown,2026-08-27 15:57:13+00:00,2,74058.27,74058.27,False,2026-09-14
5877700290,Data Analyst,Empower Professionals,"Five Corners, Hudson County",United States,IT Jobs,83772.44,83772.44,1,Unknown,2026-09-09 20:18:03+00:00,3,83772.44,83772.44,False,2026-09-14
5869474450,Data Analyst,"Sunrise Systems, Inc.","Trammells, Harris County",United States,IT Jobs,80579.91,80579.91,1,Unknown,2026-09-03 13:18:49+00:00,2,80579.91,80579.91,False,2026-09-14
5880286528,Data Analyst,Apex Systems,"South Norfolk, Chesapeake City",United States,IT Jobs,92484.77,92484.77,1,Unknown,2026-09-11 20:03:07+00:00,2,92484.77,92484.77,False,2026-09-14
5878632326,Data Analyst,Zolon Tech Solutions Inc,"Grand Central, Manhattan",United States,IT Jobs,80919.45,80919.45,1,Unknown,2026-09-10 11:44:59+00:00,0,80919.45,80919.45,False,2026-09-14
5871135145,Data Analyst,IS3,"Wilmington, New Castle County",United States,IT Jobs,82192.41,82192.41,1,Unknown,2026-09-04 19:57:54+00:00,2,82192.41,82192.41,False,2026-09-14
5857207136,Data Analyst,ICONMA,"Corning, Steuben County",United States,IT Jobs,83988.66,83988.66,1,Unknown,2026-08-26 14:09:12+00:00,0,83988.66,83988.66,False,2026-09-14
5877831654,Data Analyst,QUANTUM TECHNOLOGIES LLC,"Irving, Dallas",United States,IT Jobs,84608.09,84608.09,1,Unknown,2026-09-09 21:34:36+00:00,0,84608.09,84608.09,False,2026-09-14
5865170600,Data Analyst,Sacrum Technologies LLC,"Phoenix, Maricopa County",United States,IT Jobs,99139.09,99139.09,1,Unknown,2026-09-01 14:16:51+00:00,0,99139.09,99139.09,False,2026-09-14
5865048882,Data Analyst,"Innova Solutions, Inc",US,United States,IT Jobs,64086.89,64086.89,1,Unknown,2026-09-01 12:20:38+00:00,2,64086.89,64086.89,False,2026-09-14
5857752424,Data Analyst,Robert Half,"Saint Francis, Milwaukee County",United States,IT Jobs,83934.77,83934.77,1,Unknown,2026-08-26 22:12:22+00:00,0,83934.77,83934.77,False,2026-09-14
5861795260,Data Analyst,Robert Half,"Moline, Rock Island County",United States,IT Jobs,41937.28,41937.28,1,Unknown,2026-08-29 22:10:56+00:00,0,41937.28,41937.28,False,2026-09-14
5880455278,Data Analyst,Robert Half,"Bloomington, Hennepin County",United States,IT Jobs,80899.3,80899.3,1,Unknown,2026-09-11 21:51:37+00:00,0,80899.3,80899.3,False,2026-09-14
5833794451,Data Analyst,"Capgemini America, Inc.","Grand Central, Manhattan",United States,IT Jobs,84210.27,84210.27,1,Unknown,2026-08-08 15:54:58+00:00,0,84210.27,84210.27,False,2026-09-14
5880286523,Data Analyst,Apex Systems,"Charlotte, Mecklenburg County",United States,IT Jobs,73626.79,73626.79,1,Unknown,2026-09-11 20:03:06+00:00,1,73626.79,73626.79,False,2026-09-14
5878499710,Data Analyst,Apex Systems,"Greenwood Village, Arapahoe County",United States,IT Jobs,64816.98,64816.98,1,Unknown,2026-09-10 09:47:02+00:00,0,64816.98,64816.98,False,2026-09-14
5869674022,Data Analyst,Apex Systems,"Juno Beach, Palm Beach County",United States,IT Jobs,80697.27,80697.27,1,Unknown,2026-09-03 19:57:41+00:00,0,80697.27,80697.27,False,2026-09-14
5845793948,Data Analyst,Skillify Solutions,"Grand Central, Manhattan",United States,Accounting & Finance Jobs,117522.27,117522.27,1,Unknown,2026-08-17 21:11:58+00:00,0,117522.27,117522.27,False,2026-09-14
5839079862,Data Analyst,Apex Systems,"Birmingham, Jefferson County",United States,IT Jobs,86922.59,86922.59,1,Unknown,2026-08-12 20:06:53+00:00,0,86922.59,86922.59,False,2026-09-14
5871251204,Data Analyst,Robert Half,"Laurelville, Lancaster County",United States,IT Jobs,110634.89,110634.89,1,Unknown,2026-09-04 21:16:49+00:00,0,110634.89,110634.89,False,2026-09-14
5863106484,Data Analyst,Aditi Consulting,"North Cambridge, Middlesex County",United States,Engineering Jobs,121117.38,121117.38,1,Unknown,2026-08-31 14:05:09+00:00,0,121117.38,121117.38,False,2026-09-14
5845788160,Data Analyst,MW Partners LLC,"Nashville, Davidson County",United States,IT Jobs,72073.8,72073.8,1,Unknown,2026-08-17 20:50:29+00:00,0,72073.8,72073.8,False,2026-09-14
5842496994,Data Analyst,Tekcel8,US,United States,IT Jobs,55175.38,55175.38,1,Unknown,2026-08-14 20:33:37+00:00,4,55175.38,55175.38,False,2026-09-14
5878890227,Data Analyst,UnivEdge Consulting LLC,US,United States,IT Jobs,81615.18,81615.18,1,Unknown,2026-09-10 17:46:38+00:00,0,81615.18,81615.18,False,2026-09-14
5877829431,Data Analyst,Intellisoft Technologies,"Creve Coeur, Saint Louis County",United States,Accounting & Finance Jobs,67291.86,67291.86,1,Unknown,2026-09-09 21:33:54+00:00,0,67291.86,67291.86,False,2026-09-14
5867553773,Senior Data Analyst,Kforce Technology Staffing,"Juno Beach, Palm Beach County",United States,IT Jobs,131994.8,131994.8,1,Unknown,2026-09-02 16:22:07+00:00,2,131994.8,131994.8,False,2026-09-14
5869674605,Data Analyst 5,Randstad Digital,"Alaska, US",United States,IT Jobs,67264.66,67264.66,1,Unknown,2026-09-03 19:58:02+00:00,0,67264.66,67264.66,False,2026-09-14
5693336521,Lead Data Analyst,GovCIO,US,United States,IT Jobs,109374.95,109374.95,1,Unknown,2026-04-08 13:21:20+00:00,0,109374.95,109374.95,False,2026-09-14
5680356732,Lead Data Analyst,Vistra Corp,"Irving, Dallas",United States,IT Jobs,104308.2,104308.2,1,Unknown,2026-03-27 10:11:25+00:00,1,104308.2,104308.2,False,2026-09-14
5854221865,Privacy Program Data Analyst (HIPAA),WMCHealth,"Valhalla, Westchester County",United States,Healthcare & Nursing Jobs,76953.42,76953.42,1,Unknown,2026-08-24 02:59:05+00:00,0,76953.42,76953.42,False,2026-09-14
5879990020,Data Analyst,CFS,"Wooster, Wayne County",United States,Accounting & Finance Jobs,107786.1,107786.1,1,Unknown,2026-09-11 12:37:18+00:00,0,107786.1,107786.1,False,2026-09-14
5881577038,Data Analyst,Utah Transit Authority,"Salt Lake City, Salt Lake County",United States,Accounting & Finance Jobs,76530.98,76530.98,1,Unknown,2026-09-12 14:42:17+00:00,0,76530.98,76530.98,False,2026-09-14
5880693968,Data Analyst,Voices of Hope Lexington Inc,"Lexington, Fayette County",United States,Admin Jobs,44594.39,44594.39,1,Unknown,2026-09-12 02:42:30+00:00,0,44594.39,44594.39,False,2026-09-14
5877658057,Data Analyst,Bet365,"Denver, Colorado",United States,IT Jobs,105242.86,105242.86,1,Unknown,2026-09-09 19:49:00+00:00,0,105242.86,105242.86,False,2026-09-14
5823867997,Data Analyst,MANTECH,"Tampa, Hillsborough County",United States,IT Jobs,82150.41,82150.41,1,Unknown,2026-08-01 06:42:49+00:00,0,82150.41,82150.41,False,2026-09-14
5883204311,Data Analyst,Guidehouse,"Madison, Madison County",United States,IT Jobs,103253.55,103253.55,1,Unknown,2026-09-13 23:44:05+00:00,0,103253.55,103253.55,False,2026-09-14
5881883215,Data Analyst,Utah Transit Authority,"Salt Lake City, Salt Lake County",United States,IT Jobs,85000.0,110000.0,0,Unknown,2026-09-12 19:06:01+00:00,0,97500.0,97500.0,False,2026-09-14
5802478131,Financial Data Analyst,CAI,"Miramar, Broward County",United States,IT Jobs,77917.57,77917.57,1,Unknown,2026-07-16 04:37:25+00:00,0,77917.57,77917.57,False,2026-09-14
5881895281,"Data Analyst, Specialist",Vanguard,"Frazer, Chester County",United States,IT Jobs,89179.2,89179.2,1,Unknown,2026-09-12 19:37:30+00:00,0,89179.2,89179.2,False,2026-09-14
5867068421,Senior Data Analyst,Grubhub,"New York City, New York",United States,Accounting & Finance Jobs,122284.5,122284.5,1,Unknown,2026-09-02 07:52:40+00:00,0,122284.5,122284.5,False,2026-09-14
5789985328,"Data Analyst, Specialist",Vanguard,"Charlotte, Clinton County",United States,IT Jobs,83889.32,83889.32,1,Unknown,2026-07-06 11:33:04+00:00,0,83889.32,83889.32,False,2026-09-14
5880948130,"Data Analyst, Specialist",Vanguard,"Charlotte, Clinton County",United States,IT Jobs,104288.7,104288.7,1,Unknown,2026-09-12 07:48:01+00:00,0,104288.7,104288.7,False,2026-09-14
5881895160,Lead Data Analyst,Vanguard,"Charlotte, Clinton County",United States,IT Jobs,102459.4,102459.4,1,Unknown,2026-09-12 19:37:16+00:00,0,102459.4,102459.4,False,2026-09-14
5840522077,Data Analyst,Stifel,"Manchester, Saint Louis County",United States,IT Jobs,60935.81,60935.81,1,full_time,2026-08-13 12:50:32+00:00,0,60935.81,60935.81,False,2026-09-14
5847073658,Data Analyst,Stifel,"Cloverdale, Shelby County",United States,IT Jobs,58751.36,58751.36,1,full_time,2026-08-18 12:56:29+00:00,0,58751.36,58751.36,False,2026-09-14
5869673291,Data Analyst,Changeis Inc,US,United States,IT Jobs,95794.01,95794.01,1,Unknown,2026-09-03 19:57:15+00:00,0,95794.01,95794.01,False,2026-09-14
5864098400,Data Analyst,Eliassen Group,"Jacks Cabin, Gunnison County",United States,IT Jobs,90036.16,90036.16,1,Unknown,2026-09-01 04:25:25+00:00,1,90036.16,90036.16,False,2026-09-14
5882585178,"Data Analyst, Fraud Data & Analytics",Vanguard,"Charlotte, Clinton County",United States,IT Jobs,129011.19,129011.19,1,Unknown,2026-09-13 07:44:17+00:00,0,129011.19,129011.19,False,2026-09-14
5813141729,Data Analyst,Na Oiwi Kane,"Mount Rainier, Prince George's County",United States,IT Jobs,148544.22,148544.22,1,Unknown,2026-07-23 21:24:28+00:00,0,148544.22,148544.22,False,2026-09-14
5775687128,Data Analyst,"Judge Group, Inc.","Bridgeport, Montgomery County",United States,IT Jobs,107764.72,107764.72,1,Unknown,2026-06-24 22:42:09+00:00,2,107764.72,107764.72,False,2026-09-14
5808781969,Data Analyst,Na Oiwi Kane,US,United States,IT Jobs,95673.22,95673.22,1,Unknown,2026-07-20 22:41:53+00:00,0,95673.22,95673.22,False,2026-09-14
5831231459,Data Analyst,Alpha Omega Integration LLC,"Millington, Shelby County",United States,IT Jobs,81868.15,81868.15,1,Unknown,2026-08-06 19:44:50+00:00,0,81868.15,81868.15,False,2026-09-14
5680353927,Data Analyst,Chenega MIOS,"Trade, Alexandria City",United States,IT Jobs,64133.36,64133.36,1,Unknown,2026-03-27 10:10:27+00:00,0,64133.36,64133.36,False,2026-09-14
5838668590,Data Analyst,Intrepid,"North Springfield, Fairfax County",United States,Engineering Jobs,131073.56,131073.56,1,Unknown,2026-08-12 14:07:27+00:00,0,131073.56,131073.56,False,2026-09-14
5871027357,Data Analyst,Kforce Technology Staffing,"Northlake, DeKalb County",United States,IT Jobs,99811.12,99811.12,1,Unknown,2026-09-04 17:14:17+00:00,0,99811.12,99811.12,False,2026-09-14
5850370220,Data Analyst,"Judge Group, Inc.","Raleigh, Wake County",United States,IT Jobs,120602.97,120602.97,1,Unknown,2026-08-20 22:06:48+00:00,0,120602.97,120602.97,False,2026-09-14
5850364140,Data Analyst,Software Guidance & Assistance,"Campbell, Santa Clara County",United States,IT Jobs,75364.17,75364.17,1,Unknown,2026-08-20 22:00:14+00:00,0,75364.17,75364.17,False,2026-09-14
5837374981,Data Analyst,ElevaIT Solutions,"Corning, Steuben County",United States,IT Jobs,85066.27,85066.27,1,Unknown,2026-08-11 18:10:25+00:00,0,85066.27,85066.27,False,2026-09-14
5859118238,Data Analyst,"Judge Group, Inc.","Pantego, Tarrant County",United States,IT Jobs,146111.61,146111.61,1,Unknown,2026-08-27 22:06:16+00:00,0,146111.61,146111.61,False,2026-09-14
5854705684,Associate Director - Data Analyst,Moody's Corporation,"New York City, New York",United States,IT Jobs,171285.89,171285.89,1,Unknown,2026-08-24 19:32:27+00:00,0,171285.89,171285.89,False,2026-09-14
5789985215,"Data Analyst, Senior Specialist",Vanguard,"Charlotte, Clinton County",United States,IT Jobs,104330.68,104330.68,1,Unknown,2026-07-06 11:33:02+00:00,0,104330.68,104330.68,False,2026-09-14
5862367257,Business Data Analyst,"Levi, Ray & Shoup",US,United States,IT Jobs,104420.27,104420.27,1,full_time,2026-08-30 13:18:28+00:00,0,104420.27,104420.27,False,2026-09-14
5863092661,Business Data Analyst,"Levi, Ray & Shoup","Bedford, Tarrant County",United States,IT Jobs,134470.5,134470.5,1,full_time,2026-08-31 13:19:05+00:00,1,134470.5,134470.5,False,2026-09-14
5883204323,Security Assistance Data Analyst,Guidehouse,"Rosslyn, Arlington County",United States,IT Jobs,125443.02,125443.02,1,Unknown,2026-09-13 23:44:05+00:00,0,125443.02,125443.02,False,2026-09-14
5883204309,Data Analyst (Dashboard Developer),Guidehouse,"Crystal, Arlington County",United States,IT Jobs,123254.17,123254.17,1,Unknown,2026-09-13 23:44:05+00:00,0,123254.17,123254.17,False,2026-09-14
5833714577,Principal Data Analyst,WD,"Campbell, Santa Clara County",United States,Engineering Jobs,171688.53,171688.53,1,full_time,2026-08-08 12:40:34+00:00,0,171688.53,171688.53,False,2026-09-14
5869481608,Risk Data Analyst,Bill.com,"Washington, Washington, D.C.",United States,IT Jobs,110504.13,110504.13,1,full_time,2026-09-03 14:28:22+00:00,0,110504.13,110504.13,False,2026-09-14
5869481654,Risk Data Analyst,Bill.com,"South Boston, Suffolk County",United States,IT Jobs,130423.67,130423.67,1,full_time,2026-09-03 14:28:23+00:00,0,130423.67,130423.67,False,2026-09-14
5869481593,Risk Data Analyst,Bill.com,"Northlake, DeKalb County",United States,IT Jobs,115974.67,115974.67,1,full_time,2026-09-03 14:28:22+00:00,0,115974.67,115974.67,False,2026-09-14
5869481772,Risk Data Analyst,Bill.com,"Hayes Valley, San Francisco",United States,IT Jobs,123701.18,123701.18,1,full_time,2026-09-03 14:28:51+00:00,0,123701.18,123701.18,False,2026-09-14
5869482109,Risk Data Analyst,Bill.com,"Textile Finance, Los Angeles County",United States,IT Jobs,122346.8,122346.8,1,full_time,2026-09-03 14:31:32+00:00,0,122346.8,122346.8,False,2026-09-14
5869482117,Risk Data Analyst,Bill.com,"Campbell, Santa Clara County",United States,IT Jobs,121612.76,121612.76,1,full_time,2026-09-03 14:31:32+00:00,0,121612.76,121612.76,False,2026-09-14
5869482055,Risk Data Analyst,Bill.com,US,United States,IT Jobs,91557.34,91557.34,1,full_time,2026-09-03 14:31:06+00:00,0,91557.34,91557.34,False,2026-09-14
5869482008,Risk Data Analyst,Bill.com,"Schiller Park, Cook County",United States,IT Jobs,122971.8,122971.8,1,full_time,2026-09-03 14:31:05+00:00,0,122971.8,122971.8,False,2026-09-14
5869482036,Risk Data Analyst,Bill.com,"Elkins Park, Montgomery County",United States,IT Jobs,139620.12,139620.12,1,full_time,2026-09-03 14:31:05+00:00,0,139620.12,139620.12,False,2026-09-14
5869482157,Risk Data Analyst,Bill.com,"Highland Park, Dallas",United States,IT Jobs,113215.0,113215.0,1,full_time,2026-09-03 14:31:33+00:00,0,113215.0,113215.0,False,2026-09-14
5869481602,Risk Data Analyst,Bill.com,"San Diego, San Diego County",United States,IT Jobs,131917.53,131917.53,1,full_time,2026-09-03 14:28:22+00:00,0,131917.53,131917.53,False,2026-09-14
5869482015,Risk Data Analyst,Bill.com,"Trammells, Harris County",United States,IT Jobs,117457.84,117457.84,1,full_time,2026-09-03 14:31:05+00:00,0,117457.84,117457.84,False,2026-09-14
5869482141,Risk Data Analyst,Bill.com,"Bee Cave, Travis County",United States,IT Jobs,106396.53,106396.53,1,full_time,2026-09-03 14:31:33+00:00,0,106396.53,106396.53,False,2026-09-14
5872825731,Data Analyst / Engineer,Kyndryl,"Bangalore, Karnataka",India,Accounting & Finance Jobs,,,0,full_time,2026-09-06 12:17:19+00:00,0,,,True,2026-09-14
5873277903,Senior Data Analyst,Keka HR,"Hyderabad, Telangana",India,IT Jobs,,,0,Unknown,2026-09-07 00:53:19+00:00,0,,,True,2026-09-14
5837139895,Liquidity - Data Analyst,Capco,India,India,Accounting & Finance Jobs,,,0,full_time,2026-08-12 01:59:43+00:00,0,,,True,2026-09-14
5879664973,Business Data Analyst,VOLTO Consulting,"Bangalore, Karnataka",India,IT Jobs,,,0,Unknown,2026-09-11 17:13:33+00:00,1,,,True,2026-09-14
5879667961,Tech Data Analyst,Americana Restaurants,India,India,IT Jobs,,,0,Unknown,2026-09-11 17:16:03+00:00,3,,,True,2026-09-14
5864423408,Data Analyst - Fenergo,eClerx,"Mumbai, Maharashtra",India,IT Jobs,,,0,Unknown,2026-09-01 16:20:10+00:00,2,,,True,2026-09-14
5864427373,Senior Data Analyst,Prescience Decision Solutions ,"Bangalore, Karnataka",India,IT Jobs,,,0,full_time,2026-09-01 16:21:00+00:00,1,,,True,2026-09-14
5867263523,Senior Data Analyst,airtel,India,India,IT Jobs,,,0,Unknown,2026-09-02 21:45:18+00:00,0,,,True,2026-09-14
5867270472,Data Analyst/Data Engineer Intern,DeHaat,India,India,IT Jobs,,,0,Unknown,2026-09-02 21:46:21+00:00,0,,,True,2026-09-14
5864432450,Credit Risk Data Analyst,Etenico Technologies,India,India,IT Jobs,,,0,Unknown,2026-09-01 16:21:54+00:00,2,,,True,2026-09-14
5857251154,Liquidity Reporting- data analyst,Capco,India,India,Accounting & Finance Jobs,,,0,full_time,2026-08-27 02:10:30+00:00,0,,,True,2026-09-14
5879657384,Sr. Data Analyst – SDM,Aceolution,"Hyderabad, Telangana",India,IT Jobs,,,0,Unknown,2026-09-11 17:11:16+00:00,1,,,True,2026-09-14
5846723089,Product Marketing Data Analyst,Danaher,"Maharashtra, India",India,IT Jobs,,,0,full_time,2026-08-18 18:03:33+00:00,0,,,True,2026-09-14
5864427059,Online Data Analyst - Punjabi,TELUS Digital,India,India,Scientific & QA Jobs,,,0,part_time,2026-09-01 16:20:55+00:00,0,,,True,2026-09-14
5882593417,Turkish Data Analyst (Remote),Hire Feed,India,India,Consultancy Jobs,,,0,full_time,2026-09-13 17:19:13+00:00,0,,,True,2026-09-14
5864435864,Senior Researcher & Data Analyst,Brainware University,"Barasat, North 24 Parganas",India,IT Jobs,,,0,full_time,2026-09-01 16:22:25+00:00,0,,,True,2026-09-14
5869559140,Data Analyst - Team Lead,Aceolution,"Hyderabad, Telangana",India,IT Jobs,,,0,Unknown,2026-09-04 02:34:28+00:00,0,,,True,2026-09-14
5871991986,Data Analyst – Power Platform,Innover Digital,"Bangalore, Karnataka",India,Engineering Jobs,,,0,Unknown,2026-09-05 18:30:29+00:00,0,,,True,2026-09-14
5870693437,Senior Financial Data Analyst,Moody's,"Bangalore, Karnataka",India,Accounting & Finance Jobs,,,0,full_time,2026-09-04 20:32:50+00:00,0,,,True,2026-09-14
5855429462,Data Analyst (Chinese Linguist),S&P Global,India,India,Accounting & Finance Jobs,,,0,full_time,2026-08-25 20:08:20+00:00,0,,,True,2026-09-14
5867263635,Senior Data Analyst- 18891,EXL,India,India,IT Jobs,,,0,Unknown,2026-09-02 21:45:19+00:00,0,,,True,2026-09-14
5864436028,Data Analyst – Transport MIS & Data Analytics,Pahlé India Foundation ,India,India,IT Jobs,,,0,full_time,2026-09-01 16:22:27+00:00,0,,,True,2026-09-14
5871992153,Data Analyst – SQL/Power BI,Innover Digital,"Bangalore, Karnataka",India,IT Jobs,,,0,Unknown,2026-09-05 18:30:45+00:00,2,,,True,2026-09-14
5871991935,Data Analyst – Microsoft Fabric/Pyspark,Innover Digital,"Bangalore, Karnataka",India,IT Jobs,,,0,Unknown,2026-09-05 18:30:24+00:00,0,,,True,2026-09-14
5864442476,Online Data Analyst - Odia Language.,TELUS,India,India,IT Jobs,,,0,part_time,2026-09-01 16:23:14+00:00,0,,,True,2026-09-14
5870859811,Online Data Analyst - Odia Language,TELUS Digital AI Data Solutions,"Bangalore, Karnataka",India,IT Jobs,,,0,part_time,2026-09-04 22:29:34+00:00,0,,,True,2026-09-14
5864431974,Online Data Analyst Urdu _India,TELUS Digital AI Data Solutions,India,India,Scientific & QA Jobs,,,0,part_time,2026-09-01 16:21:49+00:00,0,,,True,2026-09-14
5854537719,"Sr Manager, Data Analyst (Contract)",Standard Chartered Bank,"Bangalore, Karnataka",India,Accounting & Finance Jobs,,,0,full_time,2026-08-25 00:07:28+00:00,0,,,True,2026-09-14
5881763217,Senior Data Analyst – Remote India,Vamstar,India,India,IT Jobs,,,0,Unknown,2026-09-13 01:08:05+00:00,1,,,True,2026-09-14
5876871774,Sr Lead Data Analyst- APP,Airtel Digital,India,India,IT Jobs,,,0,Unknown,2026-09-09 14:45:29+00:00,2,,,True,2026-09-14
5882595924,Lead Data Analyst - Cyber Incident Review.,Epiq,"Hyderabad, Telangana",India,IT Jobs,,,0,Unknown,2026-09-13 17:21:06+00:00,0,,,True,2026-09-14
5864437348,"Senior Marketing Data Analyst (Python, SQL)",Blend,"Hyderabad, Telangana",India,"PR, Advertising & Marketing Jobs",,,0,Unknown,2026-09-01 16:22:37+00:00,2,,,True,2026-09-14
5871992384,Data Analyst / Reporting & Insights Analyst (Banking Domain),eClerx,"Mumbai, Maharashtra",India,IT Jobs,,,0,Unknown,2026-09-05 18:31:23+00:00,5,,,True,2026-09-14
5864442886,Data Quality Analyst,Sambodhi Research and Communications Pvt. Ltd.,India,India,IT Jobs,,,0,full_time,2026-09-01 16:23:17+00:00,0,,,True,2026-09-14
5864440835,Data Privacy Analyst,NTT DATA Business Solutions,India,India,IT Jobs,,,0,Unknown,2026-09-01 16:23:06+00:00,0,,,True,2026-09-14
5867270200,Data Security Analyst,Thakral One,India,India,IT Jobs,,,0,Unknown,2026-09-02 21:46:17+00:00,0,,,True,2026-09-14
5864443271,Data & Insights Analyst,Ecomm-Inroads,India,India,IT Jobs,,,0,Unknown,2026-09-01 16:23:20+00:00,0,,,True,2026-09-14
5871992663,Data Quality Analyst,WinnerBrands,"Chennai, Tamil Nadu",India,IT Jobs,,,0,part_time,2026-09-05 18:31:50+00:00,0,,,True,2026-09-14
5867115068,Data Management Analyst,Moody's,"Bangalore, Karnataka",India,IT Jobs,,,0,full_time,2026-09-02 18:15:33+00:00,0,,,True,2026-09-14
5870527967,Senior Data Analyst (Advanced Excel with PowerBI) - Gurgaon Location,Sonata Software,India,India,IT Jobs,,,0,Unknown,2026-09-04 16:57:53+00:00,2,,,True,2026-09-14
5883563676,Data Analyst (Fully Remote) – Top US MNC (Enterprise Software),SkillsCapital,India,India,IT Jobs,,,0,Unknown,2026-09-14 17:18:19+00:00,0,,,True,2026-09-14
5882861236,Data Privacy Analyst (Remote),Quik Hire Staffing,India,India,IT Jobs,,,0,Unknown,2026-09-14 01:11:09+00:00,0,,,True,2026-09-14
5864431325,Sr. Data & Reporting Analyst,iShare Inc.,India,India,IT Jobs,,,0,Unknown,2026-09-01 16:21:45+00:00,1,,,True,2026-09-14
5857251168,Competitive Data Eng & Analyst,eBay,"Bangalore, Karnataka",India,IT Jobs,,,0,full_time,2026-08-27 02:10:33+00:00,0,,,True,2026-09-14
5864441282,Senior Data & Insights Analyst,Linemate,India,India,IT Jobs,,,0,Unknown,2026-09-01 16:23:08+00:00,0,,,True,2026-09-14
5873073745,Data Security Analyst Engineer,Takeda,"Bangalore, Karnataka",India,IT Jobs,,,0,Unknown,2026-09-06 18:33:43+00:00,2,,,True,2026-09-14
5869558783,Lead Data Insight Analyst - Data warehousing [T500-29065],Albertsons Companies India,"Bangalore, Karnataka",India,IT Jobs,,,0,Unknown,2026-09-04 02:33:14+00:00,0,,,True,2026-09-14
5870527956,Data Analyst (B.Tech from Tier-1 or Tier-2 College),Collegedunia,India,India,IT Jobs,,,0,Unknown,2026-09-04 16:57:53+00:00,0,,,True,2026-09-14
5864426422,SAP MM data migration analyst,Zora Technology Inc,India,India,IT Jobs,,,0,full_time,2026-09-01 16:20:48+00:00,0,,,True,2026-09-14
5864442750,Data Quality Analyst – AI/ML,Innodata India Private Limited,India,India,IT Jobs,,,0,Unknown,2026-09-01 16:23:16+00:00,0,,,True,2026-09-14
5856597200,Data Analyst,Hackajob Ltd,"Upton Scudamore, Warminster",United Kingdom,IT Jobs,65567.38,65567.38,1,Unknown,2026-08-26 09:48:37+00:00,0,65567.38,89237.20418,False,2026-09-14
5854221427,Data Analyst,Innoviz Limited,"Milton Keynes, Buckinghamshire",United Kingdom,IT Jobs,34000.0,45000.0,0,full_time,2026-08-24 07:45:02+00:00,5,39500.0,53759.5,False,2026-09-14
5881874408,Retail Data Analyst,Hackajob Ltd,"Holbeck, Leeds",United Kingdom,Retail Jobs,48104.44,48104.44,1,Unknown,2026-09-12 23:50:08+00:00,0,48104.44,65470.14284,False,2026-09-14
5838381458,Lead Data Analyst,Wise,"London, UK",United Kingdom,Accounting & Finance Jobs,71829.23,71829.23,1,full_time,2026-08-12 15:38:55+00:00,0,71829.23,97759.58202999999,False,2026-09-14
5854394670,"Data Analyst, Operations",Brainlabs,UK,United Kingdom,IT Jobs,63044.95,63044.95,1,full_time,2026-08-24 15:08:37+00:00,0,63044.95,85804.17695,False,2026-09-14
5879749780,Data Analyst,Anson Mccade,"London, UK",United Kingdom,IT Jobs,49156.57,49156.57,1,full_time,2026-09-11 13:56:37+00:00,0,49156.57,66902.09177,False,2026-09-14
5871611701,Trainee Data Analyst No Experience Required,NEWTO TRAINING LIMITED,"Bristol, South West England",United Kingdom,IT Jobs,65000.0,65000.0,0,Unknown,2026-09-05 07:31:41+00:00,0,65000.0,88465.0,False,2026-09-14
5878824714,People Systems and Data Analyst,BPHA,"Clapham, Bedford",United Kingdom,IT Jobs,35000.0,35000.0,0,part_time,2026-09-10 19:45:34+00:00,0,35000.0,47635.0,False,2026-09-14
5861182353,Risk Technology Data Analyst,BGC Partners,"London, UK",United Kingdom,IT Jobs,46263.4,46263.4,1,full_time,2026-08-29 15:29:41+00:00,0,46263.4,62964.4874,False,2026-09-14
5838383439,"Staff Data Analyst, Operations",Wise,"London, UK",United Kingdom,IT Jobs,88466.81,88466.81,1,full_time,2026-08-12 15:39:11+00:00,0,88466.81,120403.32841,False,2026-09-14
5871614428,Trainee Data Analyst No Experience Required,NEWTO TRAINING LIMITED,"Glasgow, Scotland",United Kingdom,IT Jobs,65000.0,65000.0,0,Unknown,2026-09-05 07:33:19+00:00,0,65000.0,88465.0,False,2026-09-14
5871614422,Trainee Data Analyst No Experience Required,NEWTO TRAINING LIMITED,"Cardiff County, Wales",United Kingdom,IT Jobs,65000.0,65000.0,0,Unknown,2026-09-05 07:33:19+00:00,0,65000.0,88465.0,False,2026-09-14
5871614424,Trainee Data Analyst No Experience Required,NEWTO TRAINING LIMITED,"Leeds, West Yorkshire",United Kingdom,IT Jobs,65000.0,65000.0,0,Unknown,2026-09-05 07:33:19+00:00,0,65000.0,88465.0,False,2026-09-14
5872260634,Trainee Data Analyst No Experience Required,NEWTO TRAINING LIMITED,"Sheffield, South Yorkshire",United Kingdom,IT Jobs,65000.0,65000.0,0,Unknown,2026-09-05 19:34:33+00:00,0,65000.0,88465.0,False,2026-09-14
5868457216,Data Analyst Placement Programme No Experience Needed,IT Online Learning,"Bristol, South West England",United Kingdom,IT Jobs,65000.0,65000.0,0,Unknown,2026-09-03 07:28:37+00:00,0,65000.0,88465.0,False,2026-09-14
5871611706,Data Analyst Placement Programme No Experience Needed,IT Online Learning,"Edinburgh, Scotland",United Kingdom,IT Jobs,65000.0,65000.0,0,Unknown,2026-09-05 07:31:41+00:00,0,65000.0,88465.0,False,2026-09-14
5869622912,Trainee Data Analyst No Experience Required,NEWTO TRAINING LIMITED,"Liverpool, Merseyside",United Kingdom,IT Jobs,65000.0,65000.0,0,Unknown,2026-09-03 23:36:33+00:00,0,65000.0,88465.0,False,2026-09-14
5871614438,Data Analyst Placement Programme No Experience Needed,IT Online Learning,"Leeds, West Yorkshire",United Kingdom,IT Jobs,65000.0,65000.0,0,Unknown,2026-09-05 07:33:19+00:00,0,65000.0,88465.0,False,2026-09-14
5868457898,Data Analyst Placement Programme No Experience Needed,IT Online Learning,"Liverpool, Merseyside",United Kingdom,IT Jobs,65000.0,65000.0,0,Unknown,2026-09-03 07:29:42+00:00,0,65000.0,88465.0,False,2026-09-14
5868457872,Data Analyst Placement Programme No Experience Needed,IT Online Learning,"Sheffield, South Yorkshire",United Kingdom,IT Jobs,65000.0,65000.0,0,Unknown,2026-09-03 07:29:41+00:00,0,65000.0,88465.0,False,2026-09-14
5868457878,Data Analyst Placement Programme No Experience Needed,IT Online Learning,"Cardiff County, Wales",United Kingdom,IT Jobs,65000.0,65000.0,0,Unknown,2026-09-03 07:29:42+00:00,0,65000.0,88465.0,False,2026-09-14
5859492510,Data Analyst (AI Training),OneForma,"Furzedown, South West London",United Kingdom,Part time Jobs,22880.0,22880.0,0,part_time,2026-08-28 09:16:41+00:00,0,22880.0,31139.68,False,2026-09-14
5877162977,Market Data Analyst AVP,Hunter Bond,"London, UK",United Kingdom,IT Jobs,72841.98,72841.98,1,full_time,2026-09-09 15:28:03+00:00,0,72841.98,99137.93478,False,2026-09-14
5866532951,Data Analyst Placement Programme No Experience Needed,IT Online Learning,"Glasgow, Scotland",United Kingdom,IT Jobs,65000.0,65000.0,0,Unknown,2026-09-02 05:55:36+00:00,0,65000.0,88465.0,False,2026-09-14
5866532946,Data Analyst Placement Programme No Experience Needed,IT Online Learning,"Manchester, Greater Manchester",United Kingdom,IT Jobs,65000.0,65000.0,0,Unknown,2026-09-02 05:55:35+00:00,0,65000.0,88465.0,False,2026-09-14
5866532943,Data Analyst Placement Programme No Experience Needed,IT Online Learning,"Birmingham, West Midlands",United Kingdom,IT Jobs,65000.0,65000.0,0,Unknown,2026-09-02 05:55:35+00:00,0,65000.0,88465.0,False,2026-09-14
5848186934,Senior Product Data Analyst - Consumer Growth,SumUp,"London, UK",United Kingdom,"PR, Advertising & Marketing Jobs",47855.71,47855.71,1,full_time,2026-08-19 14:54:26+00:00,0,47855.71,65131.621309999995,False,2026-09-14
5883461701,Trainee Data Analyst No Experience Required,NEWTO TRAINING LIMITED,UK,United Kingdom,IT Jobs,65000.0,65000.0,0,Unknown,2026-09-14 10:42:43+00:00,0,65000.0,88465.0,False,2026-09-14
5854537338,Data Analyst,Kingdom Security,"Fareham, Hampshire",United Kingdom,IT Jobs,42000.0,44000.0,0,Unknown,2026-08-24 19:32:17+00:00,0,43000.0,58523.0,False,2026-09-14
5854573891,Data Analyst,Robert Half,"London, UK",United Kingdom,IT Jobs,52152.68,52152.68,1,full_time,2026-08-24 21:10:47+00:00,0,52152.68,70979.79748,False,2026-09-14
5879821989,Data Analyst,Moxie People,"Cwmoody, Pontypool",United Kingdom,IT Jobs,0.0,39079.0,0,full_time,2026-09-11 15:49:42+00:00,1,19539.5,26593.2595,False,2026-09-14
5871261504,Data Analysts,BDO Recruitment,"London, UK",United Kingdom,IT Jobs,49846.42,49846.42,1,full_time,2026-09-05 02:32:05+00:00,0,49846.42,67840.97761999999,False,2026-09-14
5857234851,Data Analyst,Experian,"Nottingham, Nottinghamshire",United Kingdom,IT Jobs,46572.79,46572.79,1,Unknown,2026-08-26 21:10:50+00:00,2,46572.79,63385.56719,False,2026-09-14
5737508609,Data Analyst,Solirius Reply,"London, UK",United Kingdom,IT Jobs,40000.0,85000.0,0,full_time,2026-05-22 11:06:12+00:00,0,62500.0,85062.5,False,2026-09-14
5878820014,Data Analyst,INSIGHT INTERNATIONAL  Limited,"Manchester, Greater Manchester",United Kingdom,IT Jobs,50722.92,50722.92,1,Unknown,2026-09-10 19:11:16+00:00,0,50722.92,69033.89412,False,2026-09-14
5845316773,Data Analyst,Hulcan,"London, UK",United Kingdom,IT Jobs,50452.18,50452.18,1,full_time,2026-08-17 16:58:53+00:00,0,50452.18,68665.41698,False,2026-09-14
5786752438,Data Analyst,Avara Foods,"Turweston, Brackley",United Kingdom,IT Jobs,35000.0,35000.0,0,full_time,2026-07-03 12:12:16+00:00,0,35000.0,47635.0,False,2026-09-14
5780350523,Data Analyst,MWH Treatment,"Broadbottom, Hyde",United Kingdom,IT Jobs,50579.12,50579.12,1,full_time,2026-06-28 16:43:51+00:00,0,50579.12,68838.18232,False,2026-09-14
5738736752,Data Analyst,MWH Treatment,"Stepps, North Lanarkshire",United Kingdom,IT Jobs,48532.52,48532.52,1,full_time,2026-05-23 13:10:53+00:00,0,48532.52,66052.75972,False,2026-09-14
5878626698,Data Analyst,Howden,UK,United Kingdom,IT Jobs,44025.48,44025.48,1,full_time,2026-09-10 16:41:05+00:00,0,44025.48,59918.67828000001,False,2026-09-14
5863586463,Data Business Analyst,Ntt Data,"London, UK",United Kingdom,IT Jobs,57140.1,57140.1,1,full_time,2026-09-01 01:36:38+00:00,5,57140.1,77767.6761,False,2026-09-14
5867756760,Data Analyst,First Databank,"Exeter, Devon",United Kingdom,IT Jobs,32721.21,32721.21,1,part_time,2026-09-03 00:31:42+00:00,0,32721.21,44533.56681,False,2026-09-14
5867316849,Data Analyst,First Databank,"Devon, South West England",United Kingdom,IT Jobs,33159.05,33159.05,1,part_time,2026-09-02 17:30:11+00:00,0,33159.05,45129.46705000001,False,2026-09-14
5877397317,Data Analyst,Penguin Recruitment,"Bristol, South West England",United Kingdom,IT Jobs,28000.0,32000.0,0,full_time,2026-09-09 18:23:05+00:00,0,30000.0,40830.0,False,2026-09-14
5869444098,Data Analyst,Third Nexus Group Limited,"Holcot, Northampton",United Kingdom,IT Jobs,78000.0,91000.0,0,Unknown,2026-09-03 18:00:15+00:00,1,84500.0,115004.5,False,2026-09-14
5854366209,Data Analyst,Reed Technology,"Dickens Heath, Shirley",United Kingdom,IT Jobs,37440.0,47840.0,0,Unknown,2026-08-24 13:12:54+00:00,0,42640.0,58033.04,False,2026-09-14
5849817799,Data Analyst,Experis,"Pound Hill, Crawley",United Kingdom,IT Jobs,30000.0,35000.0,0,full_time,2026-08-20 17:02:28+00:00,2,32500.0,44232.5,False,2026-09-14
5849817958,Data Analyst,Experis,"Stirling, County Stirling",United Kingdom,IT Jobs,30000.0,35000.0,0,full_time,2026-08-20 17:02:36+00:00,2,32500.0,44232.5,False,2026-09-14
5878639075,Data Analyst,Harnham - Data & Analytics Recruitment,"Leicester, Leicestershire",United Kingdom,IT Jobs,91000.0,104000.0,0,full_time,2026-09-10 16:47:41+00:00,0,97500.0,132697.5,False,2026-09-14
5878496001,Data Analyst,Catalyst,"Gateshead, Tyne & Wear",United Kingdom,IT Jobs,45590.35,45590.35,1,full_time,2026-09-10 14:39:37+00:00,0,45590.35,62048.466349999995,False,2026-09-14
5855358769,Data Analyst,Harnham - Data & Analytics Recruitment,"London, UK",United Kingdom,IT Jobs,59280.52,59280.52,1,Unknown,2026-08-25 13:38:22+00:00,0,59280.52,80680.78772,False,2026-09-14
5874392633,Data Analyst,Jackson Hogg Ltd,"Gateshead, Tyne & Wear",United Kingdom,IT Jobs,35000.0,40000.0,0,full_time,2026-09-07 20:26:15+00:00,0,37500.0,51037.5,False,2026-09-14
5874418862,Data Analyst,Harnham - Data & Analytics Recruitment,"London, UK",United Kingdom,IT Jobs,54090.18,54090.18,1,Unknown,2026-09-07 20:33:55+00:00,0,54090.18,73616.73498,False,2026-09-14
5855380402,Data Analyst,Harnham - Data & Analytics Recruitment,"London, UK",United Kingdom,IT Jobs,91000.0,104000.0,0,full_time,2026-08-25 13:45:14+00:00,0,97500.0,132697.5,False,2026-09-14
5868913954,Data Analysts,BDO LLP,"Farringdon, Central London",United Kingdom,IT Jobs,49693.11,49693.11,1,Unknown,2026-09-03 14:02:41+00:00,0,49693.11,67632.32271,False,2026-09-14
5855375401,Data Analyst,Artis Recruitment,"Bristol, South West England",United Kingdom,IT Jobs,28000.0,35000.0,0,full_time,2026-08-25 13:43:59+00:00,0,31500.0,42871.5,False,2026-09-14
5851404828,Data Analyst,Artis Recruitment,"Easton, Bristol",United Kingdom,IT Jobs,28000.0,35000.0,0,full_time,2026-08-21 18:57:45+00:00,0,31500.0,42871.5,False,2026-09-14
5855343476,Data Analyst,Reed,"Cirencester, Gloucestershire",United Kingdom,IT Jobs,33309.6,33309.6,1,Unknown,2026-08-25 13:35:17+00:00,0,33309.6,45334.3656,False,2026-09-14
5871029118,Data Analyst,Harnham - Data & Analytics Recruitment,"London, UK",United Kingdom,IT Jobs,50184.31,50184.31,1,Unknown,2026-09-04 22:18:20+00:00,0,50184.31,68300.84590999999,False,2026-09-14
5851404863,Data Analyst,V7 Recruitment,"Rusholme, Manchester",United Kingdom,IT Jobs,29000.0,30000.0,0,full_time,2026-08-21 18:57:51+00:00,0,29500.0,40149.5,False,2026-09-14
5851404972,Data Analyst,V7 Recruitment,"Newtown, Disley",United Kingdom,IT Jobs,29000.0,30000.0,0,full_time,2026-08-21 18:58:05+00:00,0,29500.0,40149.5,False,2026-09-14
5855604687,Data Analyst,Truespeed,"Stoney Stratton, Shepton Mallet",United Kingdom,IT Jobs,35000.0,40000.0,0,full_time,2026-08-25 17:34:34+00:00,0,37500.0,51037.5,False,2026-09-14
5856892687,Data Analyst,Reed Technology,"Balsall Heath, Birmingham",United Kingdom,IT Jobs,35000.0,45000.0,0,full_time,2026-08-26 15:24:05+00:00,0,40000.0,54440.0,False,2026-09-14
5855621595,Data Analyst,Truespeed,"Bath, Bath & N E Somerset",United Kingdom,IT Jobs,35000.0,40000.0,0,full_time,2026-08-25 17:48:44+00:00,0,37500.0,51037.5,False,2026-09-14
5846675680,Data Analyst,WeDoData,"Pillaton, Saltash",United Kingdom,IT Jobs,36070.0,36070.0,0,full_time,2026-08-18 12:49:06+00:00,0,36070.0,49091.27,False,2026-09-14
5855380476,Data Analyst,Harnham - Data & Analytics Recruitment,"London, UK",United Kingdom,IT Jobs,91000.0,104000.0,0,full_time,2026-08-25 13:45:15+00:00,0,97500.0,132697.5,False,2026-09-14
5874671009,Data Analyst,Harnham - Data & Analytics Recruitment,"Leeds, West Yorkshire",United Kingdom,IT Jobs,40000.0,46000.0,0,full_time,2026-09-07 22:10:29+00:00,0,43000.0,58523.0,False,2026-09-14
5878871185,Data Analyst,Anson Mccade,"South West London, London",United Kingdom,IT Jobs,60000.0,60000.0,0,Unknown,2026-09-10 21:45:34+00:00,0,60000.0,81660.0,False,2026-09-14
5867643019,Data Analyst,First Databank,"Exeter, Devon",United Kingdom,IT Jobs,20000.0,20000.0,0,part_time,2026-09-02 23:10:18+00:00,0,20000.0,27220.0,False,2026-09-14
5855381335,Data Analyst,Reed,"Birmingham, West Midlands",United Kingdom,IT Jobs,37440.0,47840.0,0,full_time,2026-08-25 13:45:27+00:00,0,42640.0,58033.04,False,2026-09-14
5849943245,Data Analyst,Experis,"Crawley, West Sussex",United Kingdom,IT Jobs,35000.0,35000.0,0,Unknown,2026-08-20 21:28:56+00:00,2,35000.0,47635.0,False,2026-09-14
5837138213,Data Analyst,Anson Mccade,UK,United Kingdom,IT Jobs,60140.02,60140.02,1,Unknown,2026-08-11 21:21:32+00:00,0,60140.02,81850.56722,False,2026-09-14
5858364990,Data Analyst,Trace,"London, UK",United Kingdom,IT Jobs,45000.0,45000.0,0,full_time,2026-08-27 16:20:13+00:00,0,45000.0,61245.0,False,2026-09-14
5870628588,Data Analyst,MSX International Limited,"Mountnessing, Brentwood",United Kingdom,IT Jobs,37901.23,37901.23,1,full_time,2026-09-04 14:10:27+00:00,0,37901.23,51583.57403,False,2026-09-14
5879305677,Data Analyst,Anson Mccade,"Central London, London",United Kingdom,IT Jobs,48423.05,48423.05,1,Unknown,2026-09-11 05:49:07+00:00,1,48423.05,65903.77105000001,False,2026-09-14
5855716321,Data Analyst,Bright Purple Resourcing,"Glasgow, Scotland",United Kingdom,IT Jobs,45000.0,45000.0,0,Unknown,2026-08-25 21:37:10+00:00,1,45000.0,61245.0,False,2026-09-14
5880113492,Data Analyst,Anson Mccade,"South West London, London",United Kingdom,IT Jobs,60000.0,60000.0,0,Unknown,2026-09-11 21:55:08+00:00,2,60000.0,81660.0,False,2026-09-14
5855381462,Data Analyst,Harnham - Data & Analytics Recruitment,"London, UK",United Kingdom,IT Jobs,91000.0,104000.0,0,full_time,2026-08-25 13:45:29+00:00,0,97500.0,132697.5,False,2026-09-14
5860066671,Data Analyst,We Are Fr Group,"Liverpool, Merseyside",United Kingdom,"PR, Advertising & Marketing Jobs",60000.0,60000.0,0,Unknown,2026-08-28 21:35:47+00:00,0,60000.0,81660.0,False,2026-09-14
5849616876,Data Analyst,Match Performance,"Farringdon, Central London",United Kingdom,IT Jobs,78000.0,104000.0,0,Unknown,2026-08-20 15:05:10+00:00,0,91000.0,123851.0,False,2026-09-14
5803783833,Data Analyst,Nomia,"Waterloo, South East London",United Kingdom,IT Jobs,34741.57,34741.57,1,Unknown,2026-07-16 22:46:08+00:00,0,34741.57,47283.27677,False,2026-09-14
5804909149,Data Analyst,Lumen Partners,"Shotover Hill, Headington",United Kingdom,"PR, Advertising & Marketing Jobs",32000.0,33994.0,0,full_time,2026-07-17 14:28:13+00:00,0,32997.0,44908.917,False,2026-09-14
5795616991,Data Analyst,Autotrader,"Manchester, Greater Manchester",United Kingdom,IT Jobs,35000.0,60000.0,0,full_time,2026-07-10 13:36:45+00:00,0,47500.0,64647.5,False,2026-09-14
5855005897,Data Analyst,Vermelo,"Manchester, Greater Manchester",United Kingdom,IT Jobs,25505.99,25505.99,1,Unknown,2026-08-25 05:33:44+00:00,0,25505.99,34713.65239,False,2026-09-14
5855280840,Data Analyst,MISL,"Manchester Science Park, Manchester",United Kingdom,IT Jobs,30238.6,30238.6,1,full_time,2026-08-25 11:44:36+00:00,0,30238.6,41154.734599999996,False,2026-09-14
5855716764,Data Analyst,Truespeed,"Bath, Bath & N E Somerset",United Kingdom,IT Jobs,35000.0,35000.0,0,full_time,2026-08-25 21:39:08+00:00,0,35000.0,47635.0,False,2026-09-14
5854595615,Data Analyst,Cambridgeshire & Peterborough Combined Authority,"Godmanchester, Huntingdon",United Kingdom,IT Jobs,39152.0,42839.0,0,Unknown,2026-08-24 22:43:29+00:00,2,40995.5,55794.8755,False,2026-09-14
5878654914,Data Analyst,RTX,"Warminster, Wiltshire",United Kingdom,IT Jobs,63263.46,63263.46,1,full_time,2026-09-10 16:51:43+00:00,0,63263.46,86101.56906,False,2026-09-14
5879117363,Data Analyst,RTX Corporation,"Warminster, Wiltshire",United Kingdom,IT Jobs,57241.27,57241.27,1,Unknown,2026-09-11 02:36:18+00:00,0,57241.27,77905.36847,False,2026-09-14
5854583574,Data Analyst,Hackajob Ltd,"Warminster, Wiltshire",United Kingdom,IT Jobs,64216.29,64216.29,1,Unknown,2026-08-24 21:31:31+00:00,0,64216.29,87398.37069,False,2026-09-14
5874800211,Data Analyst,PeoplePlus,"Full Sutton, York",United Kingdom,IT Jobs,30000.0,30000.0,0,Unknown,2026-09-07 23:20:06+00:00,0,30000.0,40830.0,False,2026-09-14
5857901116,Data Analyst,Reed Technology,"Birmingham, West Midlands",United Kingdom,IT Jobs,45000.0,45000.0,0,Unknown,2026-08-27 05:37:45+00:00,0,45000.0,61245.0,False,2026-09-14
5880121248,Data Analyst,Teksystems,"Scotland, UK",United Kingdom,IT Jobs,61661.74,61661.74,1,Unknown,2026-09-11 22:06:27+00:00,1,61661.74,83921.62814,False,2026-09-14
5867249869,Data Analyst,Supernova Technology,"London, UK",United Kingdom,IT Jobs,45669.5,45669.5,1,full_time,2026-09-02 17:11:00+00:00,0,45669.5,62156.1895,False,2026-09-14
5882907369,Data Analyst,HGF,"Holbeck, Leeds",United Kingdom,IT Jobs,40460.4,40460.4,1,Unknown,2026-09-13 23:22:44+00:00,1,40460.4,55066.604400000004,False,2026-09-14
5210489672,Data Analyst,idfc first bank,UK,United Kingdom,IT Jobs,37006.62,37006.62,1,full_time,2025-05-22 08:55:30+00:00,0,37006.62,50366.00982000001,False,2026-09-14
5210480071,Data Analyst,wipro,UK,United Kingdom,IT Jobs,35895.91,35895.91,1,full_time,2025-05-22 08:54:18+00:00,0,35895.91,48854.333510000004,False,2026-09-14
4094618894,Data Analyst,Brakes Group,UK,United Kingdom,IT Jobs,43417.32,43417.32,1,Unknown,2023-05-11 21:03:34+00:00,0,43417.32,59090.972519999996,False,2026-09-14
5860066687,Data Analyst,FBI &TMT,"Fareham, Hampshire",United Kingdom,IT Jobs,65000.0,75400.0,0,Unknown,2026-08-28 21:35:47+00:00,2,70200.0,95542.2,False,2026-09-14
5853705682,Data Analyst,Landsec,UK,United Kingdom,IT Jobs,50000.0,50000.0,0,full_time,2026-08-23 16:26:54+00:00,0,50000.0,68050.0,False,2026-09-14
5855429390,"Sr. Spclst, Data Business Analyst",MSD,"Hyderabad, Telangana",India,IT Jobs,,,0,full_time,2026-08-25 20:08:16+00:00,0,,,True,2026-09-14
5864427018,Analyst - Data Science,bluCognition,India,India,IT Jobs,,,0,Unknown,2026-09-01 16:20:55+00:00,0,,,True,2026-09-14
5864442505,Senior Data Engineer (Analyst/Scientist) - Remote,Kake,"Bangalore, Karnataka",India,IT Jobs,,,0,Unknown,2026-09-01 16:23:14+00:00,0,,,True,2026-09-14
5864431152,Senior Data Engineer (Analyst/Scientist) - Remote,Kake,"Hyderabad, Telangana",India,IT Jobs,,,0,Unknown,2026-09-01 16:21:43+00:00,0,,,True,2026-09-14
5880062263,Senior Data Engineer (Analyst/Scientist) - Remote,Kake,India,India,IT Jobs,,,0,Unknown,2026-09-12 01:03:48+00:00,0,,,True,2026-09-14
5864436325,Senior Data Insight Analyst [T500-27798],Albertsons Companies India,"Bangalore, Karnataka",India,IT Jobs,,,0,Unknown,2026-09-01 16:22:29+00:00,0,,,True,2026-09-14
5870857069,Lead Data Insight Analyst [T500-29084],Albertsons Companies India,"Bangalore, Karnataka",India,IT Jobs,,,0,Unknown,2026-09-04 22:27:33+00:00,0,,,True,2026-09-14
5879665110,GTM Data & AI Analyst - Night Shift,Orcaworks,"Hyderabad, Telangana",India,IT Jobs,,,0,Unknown,2026-09-11 17:13:38+00:00,0,,,True,2026-09-14
5843766857,IS Data Security - Senior Analyst,ABB,"Bangalore, Karnataka",India,IT Jobs,,,0,full_time,2026-08-16 06:19:54+00:00,0,,,True,2026-09-14
5870693506,Business Analyst - Data & Privacy,Standard Chartered Bank,"Bangalore, Karnataka",India,IT Jobs,,,0,full_time,2026-09-04 20:33:07+00:00,0,,,True,2026-09-14
5846723666,"Group Data Privacy (GDP) – Data Privacy Analyst,AS",Deutsche Bank,"Bangalore, Karnataka",India,IT Jobs,,,0,full_time,2026-08-18 18:03:43+00:00,0,,,True,2026-09-14
5864428505,Senior Data & Market Research Analyst,Proeze,"Chennai, Tamil Nadu",India,Sales Jobs,,,0,Unknown,2026-09-01 16:21:17+00:00,0,,,True,2026-09-14
5882864622,Data Analysis Specialist (Remote | $31–$60/hr),Synthires,"Bangalore, Karnataka",India,IT Jobs,,,0,Unknown,2026-09-14 01:14:23+00:00,0,,,True,2026-09-14
5880070268,Data Analytics - TL,Aceolution,"Hyderabad, Telangana",India,IT Jobs,,,0,Unknown,2026-09-12 01:09:17+00:00,1,,,True,2026-09-14
5870857067,Analytics Manager,Kamakhya Analytics Private Limited,"Bangalore, Karnataka",India,"Energy, Oil & Gas Jobs",,,0,Unknown,2026-09-04 22:27:33+00:00,0,,,True,2026-09-14
5864433088,Workiva (WDesk/Wdata & SQL),Coforge,"Hyderabad, Telangana",India,IT Jobs,,,0,full_time,2026-09-01 16:22:00+00:00,1,,,True,2026-09-14
5871993046,Lead Data Engineer,TEKsystems Global Services in India,"Hyderabad, Telangana",India,IT Jobs,,,0,Unknown,2026-09-05 18:32:53+00:00,3,,,True,2026-09-14
5867263507,Data Engineer,Tata Consultancy Services,India,India,IT Jobs,,,0,Unknown,2026-09-02 21:45:17+00:00,5,,,True,2026-09-14
5864423974,SAP Data Migration Functional Analyst EAM/PM,EnQubes,India,India,IT Jobs,,,0,Unknown,2026-09-01 16:20:17+00:00,0,,,True,2026-09-14
5867036131,Azure data engineer - F2F discussion - Chennai,Tata Consultancy Services,"Chennai, Tamil Nadu",India,IT Jobs,,,0,Unknown,2026-09-02 16:42:44+00:00,3,,,True,2026-09-14
5876872343,Data Engineer,TIGI HR,India,India,IT Jobs,,,0,Unknown,2026-09-09 14:45:58+00:00,4,,,True,2026-09-14
5882591585,Google Data Engineer,Tata Consultancy Services,"Chennai, Tamil Nadu",India,IT Jobs,,,0,Unknown,2026-09-13 17:18:01+00:00,1,,,True,2026-09-14
5864430870,Data Engineer,EXL,India,India,IT Jobs,,,0,Unknown,2026-09-01 16:21:42+00:00,2,,,True,2026-09-14
5864423371,Data Engineer - Databricks,Tata Consultancy Services,"Hyderabad, Telangana",India,IT Jobs,,,0,Unknown,2026-09-01 16:20:10+00:00,1,,,True,2026-09-14
5870527464,Data Engineer,Recro,India,India,IT Jobs,,,0,Unknown,2026-09-04 16:57:28+00:00,2,,,True,2026-09-14
5879664856,Senior Data Engineer,Latinem Private Limited,"Hyderabad, Telangana",India,IT Jobs,,,0,Unknown,2026-09-11 17:13:30+00:00,0,,,True,2026-09-14
5846723639,Senior People Analyst,Wise,"Hyderabad, Telangana",India,IT Jobs,,,0,full_time,2026-08-18 18:03:42+00:00,0,,,True,2026-09-14
5864439568,GCP Data Engineer,HTC Global Services,"Chennai, Tamil Nadu",India,IT Jobs,,,0,Unknown,2026-09-01 16:22:57+00:00,2,,,True,2026-09-14
5880001551,GLNS Data & System Care – Manager,Pfizer,"Chennai, Tamil Nadu",India,IT Jobs,,,0,full_time,2026-09-11 22:27:29+00:00,0,,,True,2026-09-14
5875419680,Senior Data Engineer – Databricks,"Aspire, Jordan",India,India,IT Jobs,,,0,Unknown,2026-09-08 14:40:42+00:00,1,,,True,2026-09-14
5875602757,HR Analytics- Workday,Sutherland,India,India,IT Jobs,,,0,full_time,2026-09-08 18:42:04+00:00,1,,,True,2026-09-14
5864424584,AWS Data Engineer,Tata Consultancy Services,"Noida, Ghaziabad",India,IT Jobs,,,0,Unknown,2026-09-01 16:20:25+00:00,3,,,True,2026-09-14
5864424975,Azure Data Engineer,EXL,"Noida, Ghaziabad",India,IT Jobs,,,0,Unknown,2026-09-01 16:20:30+00:00,3,,,True,2026-09-14
5867265799,Senior Executive - MIS & Analytics,Atain,India,India,IT Jobs,,,0,Unknown,2026-09-02 21:45:54+00:00,1,,,True,2026-09-14
5864439271,Data Engineer-ADF,"Prudent Technologies and Consulting, Inc.","Hyderabad, Telangana",India,IT Jobs,,,0,Unknown,2026-09-01 16:22:54+00:00,2,,,True,2026-09-14
5867263603,Content Writer,Collegedunia,India,India,"PR, Advertising & Marketing Jobs",,,0,Unknown,2026-09-02 21:45:19+00:00,0,,,True,2026-09-14
5864427382,Python Technical Lead,JRD Systems,"Bangalore, Karnataka",India,IT Jobs,,,0,Unknown,2026-09-01 16:21:00+00:00,2,,,True,2026-09-14
5846723609,"Product Analyst – Operations Reference Data, AVP",Deutsche Bank,"Bangalore, Karnataka",India,IT Jobs,,,0,full_time,2026-08-18 18:03:42+00:00,0,,,True,2026-09-14
5864437606,Senior / Lead Data Engineer,Eucloid Data Solutions,"Chennai, Tamil Nadu",India,IT Jobs,,,0,Unknown,2026-09-01 16:22:39+00:00,0,,,True,2026-09-14
5864439916,LEAD DATA ENGINEER,Eucloid Data Solutions,"Chennai, Tamil Nadu",India,IT Jobs,,,0,Unknown,2026-09-01 16:23:00+00:00,0,,,True,2026-09-14
5876872214,ETL Data Engineer (DBT),AGAM Technologies Solutions Private Limited,"Coimbatore, Tamil Nadu",India,IT Jobs,,,0,full_time,2026-09-09 14:45:45+00:00,2,,,True,2026-09-14
5870527502,Senior Data Engineer (GCP),Publicis Production,"Bangalore, Karnataka",India,IT Jobs,,,0,full_time,2026-09-04 16:57:28+00:00,0,,,True,2026-09-14
5864429089,AWS Data Engineer,Persistent Systems,India,India,IT Jobs,,,0,full_time,2026-09-01 16:21:25+00:00,2,,,True,2026-09-14
5867263656,Technical Content Writer,Collegedunia,India,India,IT Jobs,,,0,Unknown,2026-09-02 21:45:20+00:00,0,,,True,2026-09-14
5864437297,Power BI Consultant,Gantec Corporation,"Chennai, Tamil Nadu",India,IT Jobs,,,0,full_time,2026-09-01 16:22:37+00:00,1,,,True,2026-09-14
5864425045,Data Specialist,HighRadius,"Hyderabad, Telangana",India,IT Jobs,,,0,Unknown,2026-09-01 16:20:31+00:00,0,,,True,2026-09-14
5882589220,Equity Fund Manager,Taurus Mutual Fund,India,India,Accounting & Finance Jobs,,,0,Unknown,2026-09-13 17:17:16+00:00,0,,,True,2026-09-14
5873073802,Data Engineer [T500-29176],CIBC India,"Hyderabad, Telangana",India,IT Jobs,,,0,Unknown,2026-09-06 18:33:47+00:00,0,,,True,2026-09-14
5826247065,Data Analyst,Inficore Soft,India,India,IT Jobs,264000.0,276000.0,0,full_time,2026-08-03 06:51:53+00:00,0,270000.0,2835.0,False,2026-09-14
4686704238,Data Analyst,Unknown,"Thiruvananthapuram, Kerala",India,IT Jobs,,,0,Unknown,2024-05-10 07:38:46+00:00,0,,,True,2026-09-14
5881157171,Data Analyst,Brookhouse Aerospace,UK,United Kingdom,IT Jobs,40690.64,40690.64,1,Unknown,2026-09-12 17:04:13+00:00,0,40690.64,55379.96104,False,2026-09-14
5788129967,Data Analyst,Billing Finance,"Northampton, Northamptonshire",United Kingdom,IT Jobs,35000.0,45000.0,0,full_time,2026-07-04 15:35:01+00:00,0,40000.0,54440.0,False,2026-09-14
5858141763,Data Analyst,Verisk,"Manchester, Greater Manchester",United Kingdom,IT Jobs,31723.68,31723.68,1,Unknown,2026-08-27 11:39:33+00:00,0,31723.68,43175.92848,False,2026-09-14
5881008835,Data Analyst,NEXT,"Leicester, Leicestershire",United Kingdom,IT Jobs,33000.0,,0,full_time,2026-09-12 14:03:24+00:00,2,33000.0,44913.0,False,2026-09-14
5848122036,Data Analyst,Applause IT Recruitment Ltd,UK,United Kingdom,IT Jobs,45000.0,50000.0,0,full_time,2026-08-19 12:46:31+00:00,1,47500.0,64647.5,False,2026-09-14
5855326053,Data Analyst,Red Sky Personnel Ltd,UK,United Kingdom,IT Jobs,35000.0,45000.0,0,full_time,2026-08-25 13:18:05+00:00,0,40000.0,54440.0,False,2026-09-14
5210480065,Data Analyst,wipro,UK,United Kingdom,IT Jobs,35201.95,35201.95,1,full_time,2025-05-22 08:54:18+00:00,0,35201.95,47909.85395,False,2026-09-14
5210490873,Data Analyst,wipro,UK,United Kingdom,IT Jobs,35965.09,35965.09,1,full_time,2025-05-22 08:55:37+00:00,0,35965.09,48948.48748999999,False,2026-09-14
5877599914,Data Analyst,RSK Group,UK,United Kingdom,IT Jobs,39380.43,39380.43,1,Unknown,2026-09-09 23:30:58+00:00,0,39380.43,53596.76523,False,2026-09-14
5868918352,Data Analyst,Chiltern Railways,"Bodicote, Banbury",United Kingdom,Engineering Jobs,35000.0,40000.0,0,full_time,2026-09-03 14:11:46+00:00,0,37500.0,51037.5,False,2026-09-14
5837137751,Data Analyst,Proman,"Derby, Derbyshire",United Kingdom,IT Jobs,30000.0,30000.0,0,full_time,2026-08-11 21:20:30+00:00,0,30000.0,40830.0,False,2026-09-14
5797953476,Data Analyst,AvePoint,"London, UK",United Kingdom,Sales Jobs,48699.99,48699.99,1,Unknown,2026-07-12 13:50:20+00:00,0,48699.99,66280.68639,False,2026-09-14
5865265469,Data Analyst,Morson Edge,"London, UK",United Kingdom,IT Jobs,65000.0,104000.0,0,Unknown,2026-09-01 21:39:02+00:00,0,84500.0,115004.5,False,2026-09-14
5869586939,Data Analyst,PDSA,"Snedshill, Telford",United Kingdom,IT Jobs,42783.0,45350.0,0,Unknown,2026-09-03 23:19:24+00:00,0,44066.5,59974.506499999996,False,2026-09-14
5852091745,Data Analyst,Hackajob Ltd,"South West London, London",United Kingdom,IT Jobs,64596.43,64596.43,1,Unknown,2026-08-22 05:30:16+00:00,0,64596.43,87915.74123,False,2026-09-14
5823562275,Data Analyst,Solirius Reply,"London, UK",United Kingdom,IT Jobs,59407.18,59407.18,1,Unknown,2026-08-01 09:17:06+00:00,0,59407.18,80853.17198,False,2026-09-14
5878705697,Data Analyst,Air Apps,"London, UK",United Kingdom,IT Jobs,50000.0,63000.0,0,full_time,2026-09-10 17:08:15+00:00,0,56500.0,76896.5,False,2026-09-14
5856974719,Data Analyst,CUBE,"London, UK",United Kingdom,IT Jobs,60296.57,60296.57,1,full_time,2026-08-26 16:28:39+00:00,0,60296.57,82063.63176999999,False,2026-09-14
5819014767,Data Analyst,Department for Work and Pensions,"Manchester, Greater Manchester",United Kingdom,Admin Jobs,39324.17,39324.17,1,part_time,2026-07-29 00:34:52+00:00,0,39324.17,53520.195369999994,False,2026-09-14
5210480072,Data Analyst,wipro,UK,United Kingdom,IT Jobs,42893.16,42893.16,1,full_time,2025-05-22 08:54:18+00:00,0,42893.16,58377.59076000001,False,2026-09-14
5210480225,Data Analyst,virtusa,UK,United Kingdom,IT Jobs,44420.49,44420.49,1,full_time,2025-05-22 08:54:19+00:00,0,44420.49,60456.286889999996,False,2026-09-14
5210489434,Data Analyst,idfc first bank,UK,United Kingdom,IT Jobs,39883.86,39883.86,1,full_time,2025-05-22 08:55:29+00:00,0,39883.86,54281.93346,False,2026-09-14
5747468056,Data Analyst,N Consulting Ltd,"Northampton, Northamptonshire",United Kingdom,IT Jobs,40000.0,50000.0,0,Unknown,2026-06-01 11:40:41+00:00,0,45000.0,61245.0,False,2026-09-14
5119755697,Data Analyst,Executive Talent,UK,United Kingdom,IT Jobs,45698.39,45698.39,1,Unknown,2025-03-31 12:24:57+00:00,0,45698.39,62195.50879,False,2026-09-14
5836444140,Data Analyst,Synectics Solutions,"Burslem, Stoke-On-Trent",United Kingdom,IT Jobs,48540.77,48540.77,1,Unknown,2026-08-11 07:52:51+00:00,0,48540.77,66063.98797,False,2026-09-14
5789988738,Data Analyst,Opencast Software,"Newcastle Upon Tyne, Tyne & Wear",United Kingdom,IT Jobs,49983.61,49983.61,1,Unknown,2026-07-06 16:39:35+00:00,0,49983.61,68027.69321,False,2026-09-14
5858904718,Data Analyst,Chip,"Spitalfields, East London",United Kingdom,IT Jobs,42837.32,42837.32,1,Unknown,2026-08-28 00:00:32+00:00,1,42837.32,58301.59252,False,2026-09-14
5859619578,Data Analyst,Chip ,"Spitalfields, East London",United Kingdom,IT Jobs,42981.69,42981.69,1,full_time,2026-08-28 11:51:22+00:00,1,42981.69,58498.08009,False,2026-09-14
5812154342,Data Analyst,HyperFinity,"Leeds, West Yorkshire",United Kingdom,Retail Jobs,300.0,300.0,0,full_time,2026-07-23 10:56:26+00:00,0,300.0,408.3,False,2026-09-14
5870749603,Data Analyst,Bleckmann Solutions UK,UK,United Kingdom,Logistics & Warehouse Jobs,29700.0,29700.0,0,full_time,2026-09-04 16:39:53+00:00,0,29700.0,40421.7,False,2026-09-14
5881109030,Data Analyst,RAPPLTUK RAPP,"London, UK",United Kingdom,"PR, Advertising & Marketing Jobs",30138.27,30138.27,1,full_time,2026-09-12 16:40:56+00:00,0,30138.27,41018.18547,False,2026-09-14
5878820013,Senior Data Analyst / Business Data Analyst,INSIGHT INTERNATIONAL  Limited,"London, UK",United Kingdom,IT Jobs,57906.73,57906.73,1,Unknown,2026-09-10 19:11:16+00:00,0,57906.73,78811.05953,False,2026-09-14
5883461705,Data Analyst Placement Programme No Experience Needed,IT Online Learning,UK,United Kingdom,IT Jobs,65000.0,65000.0,0,Unknown,2026-09-14 10:42:43+00:00,0,65000.0,88465.0,False,2026-09-14
5878873076,Business Data Analyst,Test Triangle,"Farringdon, Central London",United Kingdom,IT Jobs,48773.43,48773.43,1,Unknown,2026-09-10 21:52:14+00:00,1,48773.43,66380.63823,False,2026-09-14
5849929335,Senior Data Analyst,Brio Digital,"Holbeck, Leeds",United Kingdom,IT Jobs,0.0,130000.0,0,full_time,2026-08-20 21:04:32+00:00,0,65000.0,88465.0,False,2026-09-14
5851411217,Assistant Data Analyst,Anglian,"Old Catton, Norwich",United Kingdom,IT Jobs,25000.0,30000.0,0,Unknown,2026-08-21 19:23:07+00:00,0,27500.0,37427.5,False,2026-09-14
5857236340,Business Data Analyst,Robert Half,"London, UK",United Kingdom,IT Jobs,52489.94,52489.94,1,full_time,2026-08-26 21:13:05+00:00,0,52489.94,71438.80834,False,2026-09-14
5869493390,Data Analyst (DA),Next-Link,"The City, Central London",United Kingdom,IT Jobs,68346.99,68346.99,1,Unknown,2026-09-03 20:33:48+00:00,2,68346.99,93020.25339000001,False,2026-09-14
5878550127,Admin & Data Analyst,Catch22,"Oxford, Oxfordshire",United Kingdom,Admin Jobs,22484.94,22484.94,1,Unknown,2026-09-10 15:45:08+00:00,0,22484.94,30602.00334,False,2026-09-14
5876915448,Data Analyst - Engineering,Biffa Waste Services,"Wolverhampton, West Midlands",United Kingdom,IT Jobs,36224.67,36224.67,1,full_time,2026-09-09 11:13:44+00:00,0,36224.67,49301.77587,False,2026-09-14
5876915453,Data Analyst - Engineering,Biffa Waste Services,"Walsall, West Midlands",United Kingdom,IT Jobs,37180.39,37180.39,1,full_time,2026-09-09 11:13:44+00:00,0,37180.39,50602.51079,False,2026-09-14
5876915449,Data Analyst - Engineering,Biffa Waste Services,"Birmingham, West Midlands",United Kingdom,IT Jobs,37893.32,37893.32,1,full_time,2026-09-09 11:13:44+00:00,0,37893.32,51572.80852,False,2026-09-14
5874487851,Visualisation and Data Analyst,Anglian Water,UK,United Kingdom,IT Jobs,0.0,34500.0,0,full_time,2026-09-07 21:38:53+00:00,0,17250.0,23477.25,False,2026-09-14
5875592213,Financial Data Analyst,Costello Medical,"Cambridge, Cambridgeshire",United Kingdom,IT Jobs,43562.56,43562.56,1,full_time,2026-09-08 13:36:00+00:00,1,43562.56,59288.644159999996,False,2026-09-14
5847679008,Remediation Data Analyst,Gold Group,"London, UK",United Kingdom,IT Jobs,40730.16,40730.16,1,full_time,2026-08-19 03:11:30+00:00,0,40730.16,55433.747760000006,False,2026-09-14
5850455377,Data Analyst Apprentice,info@postify.co.uk,"Elstow, Bedford",United Kingdom,IT Jobs,25800.0,25800.0,0,Unknown,2026-08-21 04:23:50+00:00,0,25800.0,35113.8,False,2026-09-14
5329642758,Senior Data Analyst,Parker B Associates,"London, UK",United Kingdom,IT Jobs,70000.0,70000.0,0,full_time,2025-07-31 12:01:19+00:00,1,70000.0,95270.0,False,2026-09-14
5872120033,Lead Data Analyst,Hippo Digital Limited,"Manchester Science Park, Manchester",United Kingdom,IT Jobs,69000.0,77500.0,0,full_time,2026-09-05 16:50:42+00:00,0,73250.0,99693.25,False,2026-09-14
5119755223,Senior Data Analyst,Micro IT Global,"London, UK",United Kingdom,IT Jobs,68975.41,68975.41,1,Unknown,2025-03-31 12:24:17+00:00,0,68975.41,93875.53301,False,2026-09-14
5840392340,Senior Data Analyst,Universal Music,"Kings Cross, Central London",United Kingdom,IT Jobs,49626.14,49626.14,1,full_time,2026-08-13 16:26:52+00:00,1,49626.14,67541.17654,False,2026-09-14
