job_id,skill
5878669040,SQL
5829883763,ETL
5880141016,ETL
5804841497,Statistics
5863217436,Python
5863217436,Power BI
5863217436,Tableau
5863217436,Alteryx
5863217436,ETL
5876041286,SQL
5876041286,Python
5876041286,ETL
5845899640,Azure
5845899640,ETL
5735320963,SQL
5735320963,Python
5735320963,Power BI
5735320963,Tableau
5735320963,AWS
5876869978,SQL
5876869978,Python
5876869978,Power BI
5876869978,Tableau
5876869978,R
5876869978,Azure
5876869978,Looker
5876869978,ETL
5864442719,SQL
5864442719,Big Query
5883564040,Excel
5868794225,Statistics
5864432449,SQL
5864426421,Python
5867036037,Machine Learning
5883562726,SQL
5864436500,Statistics
5880953033,SQL
5880953033,Azure
5870527563,SQL
5870527563,ETL
5882598341,SQL
5882598341,Python
5882598382,Power BI
5882598382,Azure
5864431665,SQL
5864431665,ETL
5868789197,SQL
5868789197,Power BI
5868789197,Tableau
5868789197,Excel
5868789197,Statistics
5876013496,SQL
5837139892,Python
5871992907,SQL
5871992907,Big Query
5879663063,Excel
5769854278,SQL
5769854278,Power BI
5769854278,Tableau
5769854278,Excel
5878801767,SQL
5878801767,Python
5878801767,Power BI
5878801767,Tableau
5882102466,SQL
5858658723,SQL
5858658723,Power BI
5877700290,SQL
5877700290,Python
5877700290,Tableau
5869474450,Power BI
5869474450,AWS
5880286528,Power BI
5880286528,Statistics
5871135145,SQL
5871135145,Power BI
5865048882,SQL
5865048882,AWS
5880286523,SQL
5842496994,SQL
5842496994,Power BI
5842496994,Tableau
5842496994,Excel
5867553773,Machine Learning
5867553773,ETL
5680356732,Statistics
5864098400,Power BI
5775687128,SQL
5775687128,Power BI
5863092661,Power BI
5879664973,Power BI
5879667961,SQL
5879667961,Python
5879667961,R
5864423408,SQL
5864423408,Python
5864427373,SQL
5864432450,SQL
5864432450,Python
5879657384,SQL
5871992153,SQL
5871992153,Power BI
5881763217,Statistics
5876871774,SQL
5876871774,Python
5864437348,SQL
5864437348,Python
5871992384,SQL
5871992384,Power BI
5871992384,Tableau
5871992384,Excel
5871992384,Looker
5870527967,Power BI
5870527967,Excel
5864431325,Python
5873073745,Python
5873073745,AWS
5854221427,SQL
5854221427,Power BI
5854221427,Tableau
5854221427,Excel
5854221427,Statistics
5879821989,Power BI
5857234851,SQL
5857234851,SAS
5863586463,SQL
5863586463,Python
5863586463,Power BI
5863586463,Tableau
5863586463,R
5869444098,SQL
5849817799,Power BI
5849817799,R
5849817958,Power BI
5849817958,R
5849943245,Power BI
5849943245,R
5879305677,Excel
5855716321,Power BI
5880113492,SQL
5880113492,Power BI
5854595615,Power BI
5854595615,Excel
5880121248,AWS
5882907369,Power BI
5860066687,Power BI
5860066687,Excel
5880070268,SQL
5864433088,SQL
5871993046,SQL
5871993046,ETL
5871993046,Spark
5867263507,SQL
5867263507,Python
5867263507,Power BI
5867263507,AWS
5867263507,Statistics
5867036131,SQL
5867036131,Azure
5867036131,ETL
5876872343,SQL
5876872343,Python
5876872343,Azure
5876872343,ETL
5882591585,Big Query
5864430870,AWS
5864430870,ETL
5864423371,Azure
5870527464,SQL
5870527464,AWS
5864439568,Python
5864439568,ETL
5875419680,ETL
5875602757,Excel
5864424584,Python
5864424584,AWS
5864424584,Azure
5864424975,SQL
5864424975,Azure
5864424975,ETL
5867265799,Power BI
5864439271,SQL
5864439271,ETL
5864427382,Python
5864427382,AWS
5876872214,SQL
5876872214,ETL
5864429089,AWS
5864429089,ETL
5864437297,Power BI
5881008835,SQL
5881008835,Power BI
5848122036,Power BI
5858904718,SQL
5859619578,SQL
5878873076,Azure
5869493390,SQL
5869493390,Big Query
5875592213,Power BI
5329642758,SQL
5840392340,R
